Channel Title,Channel Id,Channel link,videoCount,Pinoybaiting,Notes,Annotated by:
Celinka Updates,UC_2iPQwn_V2SflddzbtalLg,Visit Channel,3,Yes,,Lou
Knox Hill,UC_62jYuKq0O-K66pjrK5jhQ,Visit Channel,2,No,,Lou
Joel Hansen,UC_9I8ulL_v4SvsXwiVKlzqw,Visit Channel,2,No,,Lou
SB19VEVO,UC_d42bAA6Cb0XC3n-N-j60w,Visit Channel,4,No,,Lou
Fearless & Far,UC_DmOS_FBvO4H27U7X0OtRg,Visit Channel,2,Yes,,Lou
Merryjuj,UC_nGEYgqzTuyFbHCZELMC2w,Visit Channel,40,Yes,,Lou
Bandai Namco Entertainment America,UC_ntXHv-XdKCD7CPynVvnQw,Visit Channel,2,No,,Lou
Our Philippine Journey,UC_w5Uck2H8HDd1WgBuESB-w,Visit Channel,3,Yes,,Lou
Isaac & Andrea Vlogs,UC_YHP03qQytjAfBK6tFcnew,Visit Channel,4,Yes,,Lou
zaikology,UC-0_V4naPnf3d1z1nCzb95Q,Visit Channel,2,No,,Lou
Filipino Czech family,UC-0XZzV9y16bKIuWb4qWkCg,Visit Channel,2,Yes,,Lou
Classic Songs,UC-BbHGSJdmh0iXbnfgzE9FA,Visit Channel,2,No,Deleted videos and changed channel name to Legends Aventune,Lou
Fr. Jowel Jomarsus Gatus,UC-BiW9G1BsJV1pm7pA5zc2g,Visit Channel,2,No,,Lou
IFCGuam,UC-BKXdCFnPmTpljrxxYu7dQ,Visit Channel,2,Yes,,Lou
Lazisoo,UC-Cf5_vTOtmN8tkR3Bs_TSg,Visit Channel,7,Yes,,Lou
Amazing Philippines,UC-jq_OD2e2xIcm5RdTrBcNg,Visit Channel,3,Yes,,Lou
Yuki Japan (Binisaya ni Yuki),UC-mJgTt3Du5tZIfcCO3vX-Q,Visit Channel,2,Yes,,Lou
Rare Soul Worldwide,UC-VUzVsTFTXMU7aSf-lEsiA,Visit Channel,7,Yes,,Lou
Alex Oh Reacts,UC-wdvwNBuVobJRbISwjA5Hw,Visit Channel,4,Yes,,Lou
Big Guy Appetite,UC-wNjA3exMjeJlEU5TvJ4Tw,Visit Channel,7,Yes,,Lou
KATCHUP,UC-YjZCIxGE1Al-I2rGTukyA,Visit Channel,2,No,,Lou
Antonius Agus Sirait Official,UC-Z31ZpHeyIPus-cYtFwOiQ,Visit Channel,2,No,,Lou
Savory Stories,UC-ZBaZ53_4a9DU0HM0T2hyg,Visit Channel,2,Yes,,Lou
Throga - Vocal Gym,UC01j-4Q2TUyppuhNJ7pnWdA,Visit Channel,3,No,,Lou
Team CorGi,UC0EQSC9tQA40qM-x9bRj67A,Visit Channel,3,Yes,,Lou
IdkSterling,UC0GbKJaeEN9k5CG1NLbN6Ow,Visit Channel,14,No,,Lou
Melanie Reacts,UC0iTpbJzi9n8Vj3tvPj9aAA,Visit Channel,3,Yes,,Lou
TheJavierLifestyle,UC0kn28AeYnmyMi4iAUIrgiQ,Visit Channel,2,Yes,,Lou
EVN REAX,UC0lLKwsajj4Q1EA13ogAJRA,Visit Channel,2,Yes,,Lou
Cherry Road,UC0Nr_aAgnVthiy8PJx_tNoQ,Visit Channel,2,No,,Lou
The Wineding Down Podcast,UC0p8-e3hIdkP4F09hQc1Uow,Visit Channel,4,Yes,,Lou
Best Food Around The World,UC16kz8vocutCqYmEoZijW6w,Visit Channel,5,No,,Lou
Filipina and the Foreigner,UC17Jl7wAhdRU4Nbd-CO636w,Visit Channel,3,Yes,,Lou
Visual_mode,UC1FVueCEU5ORLkWyRpEN0dQ,Visit Channel,11,Yes,,Lou
JinLiaTV,UC1GTMB1_PJjh8ddEzQB8HPA,Visit Channel,3,No,,Lou
Allen Relevo,UC1LlKAwycO8TjYKJIQo2QZA,Visit Channel,3,Yes,,Lou
The Philippines Project,UC1MNjDRpoEsl_tiogaRYt1A,Visit Channel,2,Yes,,Lou
Challys Journey,UC1OKXpUlKSN4smvMssu7UBg,Visit Channel,10,Yes,,Lou
Flying Kell,UC1PwIaB8KklVK5iZqbtZErA,Visit Channel,12,Yes,,Lou
Dr Laway,UC1Uvuror_cl9cRcl3h8QhSg,Visit Channel,2,Yes,,Lou
AlixGrace,UC1Vtf3OTZatknIne-a-5LKg,Visit Channel,4,Yes,,Lou
Zeta‚Äôs Momma and Dada,UC1WRWKFPce0M6elipGZ8eMg,Visit Channel,2,Yes,,Lou
Asian Boss,UC2-_WWPT_124iN6jiym4fOw,Visit Channel,4,No,,Lou
JSB PINAY VLOGS,UC211QaCtk9p37_-cvtN3kxg,Visit Channel,4,Yes,,Lou
C Pas,UC23dOMkDdz7LJF34Ui3goJA,Visit Channel,7,No,,Lou
123JAPAN!,UC23SG4XKkSrbhz-bZ2f5Mfw,Visit Channel,32,Yes,,Lou
Rob Wanders,UC24QUYgHDRVPq-CqzDAXDcQ,Visit Channel,4,Yes,,Lou
Lifey,UC25HBOBYfc-scqCQcyYKVNw,Visit Channel,7,Yes,,Lou
1997meggers,UC2bhD7AMh9a9uwz9_0JZZWw,Visit Channel,2,No,,Lou
Almost Polyglot,UC2dqBC-sMDS2d6RYlcihEmw,Visit Channel,2,Yes,,Lou
Yo!,UC2fOfXH87lynFQkzRcYEQ4A,Visit Channel,8,No,Channel is not available,Lou
Namastejuli,UC2gZh8iGgLI7xLkxaoMkKSg,Visit Channel,2,No,,Lou
aeradits,UC2H2SMSG36AfDNYyJK0waNg,Visit Channel,2,No,,Lou
jen!,UC2JUkXLai3HvvaA9kMZhAgw,Visit Channel,2,No,,Lou
AKOSI DOGIE,UC2LB3AyQ4q2rAk5x1HDDT0g,Visit Channel,4,No,,Lou
Marker 44,UC2V7XAqnvbIKmlox8FEMkvA,Visit Channel,5,Yes,,Lou
Î∞±Îã§ÎãàÏóò DANIEL BAEK,UC2v9vlHZFQyU_K5OkbUlrmQ,Visit Channel,3,Yes,,Lou
The YUH Family,UC2wTnMBvQ_TH0qn5rJl8hWQ,Visit Channel,3,Yes,,Lou
Korean Filipino Jobs,UC2xFAIV5shzGSzX-F2J_1QA,Visit Channel,11,Yes,,Lou
Buci Bonita,UC2xL9lM-JAxfDKdq6v1FOeQ,Visit Channel,2,Yes,,Lou
Alwin GC,UC2YV9DGG7kN7mSeuQqD5QHA,Visit Channel,7,Yes,,Lou
angelina,UC3Bo_vNWEEIOHj4vR7_d8uw,Visit Channel,4,No,,Lou
Ivana Perkovic,UC3cQWF3e0qcIDEBzCzqp_SQ,Visit Channel,2,No,,Lou
Steve Yalo,UC3hNYaWQYd_kGo2rKAGQPYQ,Visit Channel,4,Yes,,Lou
OPLOX TV,UC3i-WTPAoJuEx9r-6HCWvkQ,Visit Channel,2,Yes,,Lou
Yuru Philippines,UC3II306xUqkWJjTjQ39VMgw,Visit Channel,3,Yes,,Lou
PAIR OF SOULS,UC3lpA2TVsu_2qKsPlw6FctQ,Visit Channel,3,Yes,,Lou
BUBS & DOE,UC3N6Rrx3eTcJ4A5QRs2WRHw,Visit Channel,5,Yes,,Lou
Hey Joe,UC3V5_2DFqamGSrzYPg-Wggw,Visit Channel,5,Yes,,Lou
Awesome world Ïñ¥Ïç∏ÏõîÎìú,UC3XwA9aaZdWfojyo9wKaFtw,Visit Channel,8,Yes,,Lou
Dwaine Woolley,UC3ZnKcjVu7GszgdBe4uRZ3A,Visit Channel,11,Yes,,Lou
KaMangyan Vlogs Official,UC44SxOIVelJ7KjqmvJmde9A,Visit Channel,2,No,,Lou
OPM Tagalog Music,UC49ACYnKFIZB3RBJ0682MMw,Visit Channel,5,No,,Lou
C&N Podcast,UC4BLZTtlj1hasWQ1HqJ1ppQ,Visit Channel,3,Yes,,Lou
ALAN 5751,UC4bY8VfE_aLXKN8VUPYVu8Q,Visit Channel,2,No,,Lou
Our Philippines' Adventures,UC4K-p09jBTGH-nvqj-UqELQ,Visit Channel,5,Yes,,Lou
Owl of Asia,UC4r6JBPiafpR2J7L_-KRM0Q,Visit Channel,4,Yes,,Lou
OSSC,UC4rh5RVSMT00G29ySkkt1hg,Visit Channel,26,No,,Lou
GKD LABELS,UC4S7Ca53tVPuNQhAJKxzlzw,Visit Channel,56,Yes,,Lou
Irene_Eneri,UC4ypznkS1QNOSTxLOScKG6A,Visit Channel,3,Yes,,Lou
Oskar and Dan,UC56wC_xI1tobDsh0PhIG5Ow,Visit Channel,2,No,,Lou
MPL Philippines,UC5ASeit2rM3taMSUChv9tNA,Visit Channel,8,No,,Lou
Siobal D,UC5iqmxuLMWeWcXF5FtE_iZA,Visit Channel,2,Yes,,Lou
Snipe Gaming TV,UC5lxfy3BVWiaUw5BAf0VINw,Visit Channel,13,No,,Lou
Righteous Robot,UC5qFBTCSYO6Pc69bZk9CmfQ,Visit Channel,4,No,,Lou
The Sunbae Club,UC5srj0Tgfq-FuFyk9HFl0Rw,Visit Channel,76,Yes,,Lou
The Music Recording Network,UC5TtuPafJIA-EBjDbjiUoFg,Visit Channel,2,Yes,,Lou
Smash Japanese,UC5xYepDyTWLh7QVgouUaCpA,Visit Channel,4,Yes,,Lou
Farhan Jahan,UC5yhpjeZYcuSLqeOdHLxnzg,Visit Channel,9,No,Channel is not available,Lou
The Sound Of The Philippines - bellapuhon,UC5zl9CnWhbwUBbPaqsWeyGw,Visit Channel,2,Yes,,Lou
Yad Ventures,UC6_2wj3vR_j5EiqB-hZ7BUA,Visit Channel,3,Yes,,Lou
BOLJUG,UC6-T5O6sH1TW93lcEhbueMQ,Visit Channel,2,No,,Lou
esportstvid,UC615Ng78VDeJgETIfVnH8rw,Visit Channel,4,No,,Lou
Anime - chan,UC6h-IgI3Dzx7nxCHaCfXl_g,Visit Channel,2,No,,Lou
Handa Studio Philippines,UC6i-b_82Fu9hCcgVnJEuV-Q,Visit Channel,204,Yes,,Lou
Emy & Johan in the Philippines,UC6I1pNKRkHzFQhjxH83uaQg,Visit Channel,5,Yes,,Lou
CorruptedKitsune,UC6k-25L3zChu75D9uYmfiHQ,Visit Channel,2,No,,Lou
Meljean Solon,UC6tfBpIVlXZehYg6mvV-qWg,Visit Channel,4,Yes,,Lou
Jiaoying Summers,UC6tI7PwweyR3TQlsMTR1zWg,Visit Channel,4,No,,Lou
Zoe&Czar,UC6tqkWOGlN6zJDcnJvYkaMQ,Visit Channel,4,Yes,,Lou
Jelena Kopilec,UC6tTTsFKifxEhOIMI2HtLeQ,Visit Channel,9,Yes,,Lou
Kuya Alp,UC6uatVhsxPKbRVBuxF4NDtg,Visit Channel,2,No,Channel has no video but user's bio can be considered pinoybaiting,Lou
Richards Infinity,UC6WCc8tJw_9zU9HZ9mNpmBw,Visit Channel,2,Yes,,Lou
The Rage and The Worst,UC6wVxQeATe3O2XaANCjWFGA,Visit Channel,5,Yes,,Lou
Travel with Balnur,UC7A7na9vLPoBUKmpnAYFLew,Visit Channel,4,Yes,,Lou
SecretLifeofLauren,UC7AB80x51RwhxZpJmIUQiZQ,Visit Channel,3,Yes,,Lou
Field of Visions,UC7bjjCXpXx41KriftaL6Biw,Visit Channel,3,Yes,,Lou
Entertainment News Portal,UC7eXEhp_3MZI_s1CoZBrJyA,Visit Channel,2,No,,Lou
Bisayang Hilaw,UC7fga_Kycp9z6pg5Yhx7R-w,Visit Channel,7,Yes,,Lou
VI3ION,UC7HxIb6bY4-ymtAOS_MGsOw,Visit Channel,31,Yes,,Lou
MJoy4Fun,UC7iWbxJXZmhLy8_xYzAjHgA,Visit Channel,3,No,,Lou
rukia dagtan,UC7Kwbh0a4D4mJUfMYyaQnsQ,Visit Channel,2,Yes,,Lou
Mykoreandic,UC7QpulteHAxk4S1AASzCjvw,Visit Channel,3,No,,Lou
World Friends,UC7QteRlErpm27bkZ6izFwKg,Visit Channel,2,No,,Lou
More Travels w/ Drew Binsky,UC7xP-m9hfVmFqNLaKGgIlzA,Visit Channel,2,Yes,,Lou
PINAY AFAM TVüá¶üá∫,UC7yK84cgpIy9iRjk1uoM8WA,Visit Channel,6,Yes,,Lou
Two Between | Sarah and Seunghyun,UC82Q2jylxM5jMmnK4SEb8pA,Visit Channel,2,No,,Lou
Harry Jaggard,UC8fwExOkHg0_fX_XJcR31NA,Visit Channel,3,Yes,,Lou
FoodieMommaPH,UC8hiiGm6GTyTVvO-LtZ2Xmw,Visit Channel,2,Yes,,Lou
PRINCESS CHRISTY üíï,UC8lYYEeIHHY9sCTGik4s06g,Visit Channel,4,No,,Lou
FosteringMusic,UC8nzqHSHqZb7oLaG3YTqy-g,Visit Channel,2,No,,Lou
Reidy Ventures,UC8OLrmcJnZWAZpH8fpyEChg,Visit Channel,2,Yes,,Lou
HORI7ON PH,UC8ox5YnSUPlm1q-_yiqxfCA,Visit Channel,4,No,Channel terminated because of copyright,Lou
Emirates Loves Philippines,UC8qBrdamqYihT_xWo-zyo-A,Visit Channel,2,Yes,,Lou
McJhony,UC8rc4LEymAfWQMx1diQlaXA,Visit Channel,9,No,,Lou
Pamilya Abilla,UC8rEUBRN_jolCH0MqEc2_HA,Visit Channel,2,Yes,,Lou
Go With Ali,UC8S3gQ0LjFLx4cFrzBXytrw,Visit Channel,10,Yes,,Lou
Province Smile,UC8u9rhEMQ1dN4nUW9hLS21g,Visit Channel,2,Yes,,Lou
Two Broskis,UC94bSvWltDS6I0U_u7mn8VQ,Visit Channel,8,Yes,,Lou
Anne Today,UC96SVjbFTRkUQ_wyeKBeN6g,Visit Channel,2,Yes,,Lou
Cousin Blaisee,UC96vBf9-fNyC5O8m8l_OKZg,Visit Channel,3,Yes,,Lou
fanny_video51,UC990V0wlxyg06P4T3nVXZzA,Visit Channel,3,No,Channel does not exist,Lou
FUNG BROS.,UC9avFXTdbSo5ATvzTRnAVFg,Visit Channel,3,No,,Lou
Aaron Around,UC9DwgmJc-uKnxGavukOy_6w,Visit Channel,2,Yes,,Lou
Ultimate Gacha Wolf PH,UC9F5_fWffejgUZixVyfwo1Q,Visit Channel,3,No,,Lou
Warographics,UC9h8BDcXwkhZtnqoQJ7PggA,Visit Channel,2,No,,Lou
Jorden Tually,UC9hCQoT-VY7vVRaC62WJOJw,Visit Channel,3,No,,Lou
Jun's Life in the Philippines,UC9HiNy95qeyWUarzHO9sk8A,Visit Channel,4,Yes,,Lou
Happiness Crossing,UC9jKcnqQ1TziJRAkSXbNISA,Visit Channel,5,Yes,,Lou
DRHOBS,UC9oT9kTjh7_rcS0Ld9LOETw,Visit Channel,2,No,,Lou
Anthony & Ana,UC9RfFnZa7EPPkxb3hX32rFA,Visit Channel,4,No,,Lou
Illustrado Magazine,UC9YWmmRmSvug3HYYnq2dcqw,Visit Channel,2,Yes,,Lou
Martin Solhaugen,UCa__kMdkhFJvXcx1WALJ3hg,Visit Channel,2,Yes,,Lou
Music Hot,UCa2pFBgiwFvH9XNCasfxHiw,Visit Channel,3,No,Changed channel name and does not have any content,Lou
Casal Louco e Sonhador,UCA4GyKGfPWFjscpBSgDCh1g,Visit Channel,4,No,,Lou
Vocal Lab Collective,UCa9GyTms1Kyve7Pyj3i-Vnw,Visit Channel,6,No,,Lou
RT TV,UCa9T0y46uK5FzJT-8tLBFeQ,Visit Channel,3,No,,Lou
DORCAS Morounmubo,UCaAjLj9oGV6VKMYq8FxEwdQ,Visit Channel,16,Yes,,Lou
GSM10,UCaEojWHVRqEG8JtPQOtKurA,Visit Channel,2,Yes,,Lou
BL Lover üè≥‚Äçüåà,UCaFcgopQe6kmZ3wDHgOyjdQ,Visit Channel,3,No,Channel does not have any content and closed accdg to bio,Lou
Ammar,UCaFhs6xTFwNK8J8XGM6yRiQ,Visit Channel,4,Yes,,Lou
A British Expat In The Philippines,UCAk9RQwVhfirnwxn_hKVBAA,Visit Channel,2,Yes,,Lou
RURUSAMA TV,UCalFWSVu4ODyVua9crUUIcA,Visit Channel,2,No,,Lou
Samantha Lisa,UCam1q_TN5QauJdk07T0bteA,Visit Channel,6,Yes,,Lou
KarissaEats,UCamdvUq4-BoneYsHZt0Agrw,Visit Channel,2,No,,Lou
Tosa Dela Yaun,UCAn1xZqc_LzZc3D7DpcFcFw,Visit Channel,2,No,,Lou
It‚Äôs Me,UCaNjRBHCKnvqWKM22wg0ItA,Visit Channel,2,Yes,,Lou
AnongSayoTv Cover,UCanpS1kLR6shtqkpx5H50VQ,Visit Channel,6,No,,Lou
KOCOWA TV,UCAqlxq4Bs9PjI86M9lM18TA,Visit Channel,2,No,,Lou
Leeman reacts,UCATEfq-fUMoK-zftoyppJqA,Visit Channel,2,Yes,,Lou
Adventure Faktory,UCATIycLIXMeetRVO-XS4p7g,Visit Channel,4,Yes,,Lou
The Content Junkies,UCau87M9DnzSL5iDE9f4uVKQ,Visit Channel,10,Yes,,Lou
TriFate Geo,UCAUgY9e_n2DhyZTgvPRoJnQ,Visit Channel,66,Yes,,Lou
Alpha F,UCaxaaz3CaYc8TN7crt_LvpA,Visit Channel,3,Yes,,Lou
"CebuWomen,com",UCAxCIp9ngVqLFSDtX5o4LXw,Visit Channel,3,Yes,,Lou
Nico Blitz,UCB8WyYjknn6apZL3HEuhxnQ,Visit Channel,4,No,,Lou
StarTalk Showbiz Authority,UCb9iY4lPCDLkVGl_jm4zriQ,Visit Channel,4,No,,Lou
Christian Esguerra,UCbaLl2xCXotxwcNXI5GM-wQ,Visit Channel,2,No,,Lou
King Sloth,UCbbRENB2CSVSp3cYv1gAzJg,Visit Channel,4,Yes,,Lou
Happiness Boms,UCbbw0svE3owMHUQcsL0nnUA,Visit Channel,7,Yes,,Lou
JohnReavesLive,UCbcBmBTMsbLxYv-rOyPiRWw,Visit Channel,3,No,,Lou
2 French in Manila,UCBEzIEPpJnkdiB3yZ8V3JRg,Visit Channel,2,Yes,,Lou
PurpleMochi,UCbGp7x9zWaKpX5huKA20QjA,Visit Channel,2,No,,Lou
Roger&Ismi Vlogs,UCBGxoGo28ZLJpQMML7jBKhw,Visit Channel,5,Yes,,Lou
Building the Philippines with Wilma & Greg,UCBhnGs1nD_ixIGWkJUYkfRQ,Visit Channel,5,Yes,,Lou
Oppa Jinyong,UCBLepDOut_qiOetyDqLBmKw,Visit Channel,6,Yes,,Lou
Gacha Czarina 08,UCBlv0_AQ1VrFEyZsAFEY-WQ,Visit Channel,3,No,,Lou
YouTube Movies,UCbP3Ho8dd1LrbROgg748XyA,Visit Channel,4,No,,Lou
laoshu505000,UCbRaUB7Hfe3clmKqqj8Nm1Q,Visit Channel,2,No,,Lou
ÍßÅùë∞ùíïùíõ ùë±ùíôùíéùíÇùíäùíÑùíâùíÇ_097ÍßÇ,UCbRJEFYkMU1x5quyvjP0L0Q,Visit Channel,2,No,,Lou
Cousins React PH,UCbS8LGW-p2mPuyLd4cF410Q,Visit Channel,97,Yes,,Lou
Life as a Bilingual in the Philippines,UCBtoYkb6b5TYfrhUnxEGj4g,Visit Channel,2,No,,Lou
_.ùòÖùòÜùòáùòÄüç∂,UCbVopsck2JnSOmkW0pvoqXw,Visit Channel,2,No,Channel does not exist,Lou
DSReact,UCBW0DKGRqcpdU3gnAKlXhLA,Visit Channel,3,Yes,,Lou
Hashtag The Cannons,UCbZL-jnom9mBCqX2UeMcejA,Visit Channel,2,No,,Lou
Travels to Freedom,UCc_tHsTZ4yGhv4tI2Fwl-ow,Visit Channel,4,No,Channel has no content,Lou
Kuya Mike,UCC6aF7bgIEBnMJC2rV4XOmg,Visit Channel,4,Yes,,Lou
Village People Philippines,UCCAh-tDKBja88N59E-KwL3g,Visit Channel,4,Yes,,Lou
Travel Escapes,UCcaIZBgmiYTJP9fpO_xjMTQ,Visit Channel,10,Yes,,Lou
Russian Pinoy ‚Äî Kuya Klim,UCCb-6a1Fakv4QzwC2c-3vAg,Visit Channel,4,Yes,,Lou
ÍßÅ‚ô°œáŒπŒΩŒ±_œÅ–Ω‚ô°ÍßÇ,UCCdajzIqHasWDwIeyXbS5eg,Visit Channel,2,No,,Lou
Star Abelar,UCCDotW9D0t8a2b-wpJtuvHg,Visit Channel,4,Yes,,Lou
Schnell Jordan Reactions,UCcEpD6eTjWQcm_nnnIgzfsA,Visit Channel,2,No,,Lou
LOKAL RAPPER PH,UCcEy2BmQIV4dJQUw3FJGfZg,Visit Channel,3,No,,Lou
Music Game News,UCCgVh36x3hbuRnHMpwl443Q,Visit Channel,44,Yes,,Lou
"Jace, pumpwolfYT üéÉüê∫",UCChQ3JKPOy_cycV-PISh8jQ,Visit Channel,2,No,,Lou
Filipina Wanderer,UCCiMwFoldFIVyqm2ExCHoWg,Visit Channel,3,Yes,,Lou
RL  SHEIK,UCcjzBEWzeHbvyIY88MHMoAA,Visit Channel,2,No,,Lou
Real Truth on Filipina and Philippines,UCCkq9dpbM_Z9MSjXsPuW7LA,Visit Channel,5,No,Channel terminated because of copyright,Lou
JUDY FLORES,UCCqW89kkbLYRK912SLPsEmw,Visit Channel,4,Yes,,Lou
Vincenzo's Plate,UCcsSowAamCLJv-xeF9geXoA,Visit Channel,2,No,,Lou
Danno Cal Drawings,UCCuZ0r9pDMI8DwhtRV1fNhg,Visit Channel,5,No,,Lou
Laughs.Alatte,UCd_-mekZnESWsyw8uEyh8lg,Visit Channel,2,No,,Lou
Joshi Santiago,UCd_e7PtLBcWocT4MvMuOwlw,Visit Channel,2,No,,Lou
TFC The Filipino Channel,UCD0vxQF1g6vwMDLtDqTz1SA,Visit Channel,2,No,,Lou
Bowzer‚Äôs reaction Pit,UCD58HBLhMozUsE6JwK3y10g,Visit Channel,3,Yes,,Lou
RodVivKids Family Vlog Philippines üáµüá≠,UCdBpCFv_RTOOBrImOlPT97g,Visit Channel,3,Yes,,Lou
Kumusta Philippines,UCdCcBT4F1nsVs46w3sG8Pjg,Visit Channel,2,Yes,,Lou
jirohpages,UCdeGHJwtWJAcuC0VczkuV3Q,Visit Channel,10,Yes,,Lou
King Family Reacts,UCdF3Zbw_0Y4mSmpPbC7OlxQ,Visit Channel,2,Yes,,Lou
Wish 107.5,UCdfq8-581QVUtVsa8ChVnDQ,Visit Channel,2,No,,Lou
Asians Down Under,UCDikY0fBFXGCFA_0Fr2azYg,Visit Channel,3,Yes,,Lou
A Foreigner Escapes to the Philippines,UCDiZhoVoHJDx-R_LnfUxftw,Visit Channel,2,Yes,,Lou
Shin Smith,UCdkq517IaeUcnG5CIiFX9RA,Visit Channel,34,Yes,,Lou
Rappler,UCdnZdQxYXnbN4uWJg96oGxw,Visit Channel,3,No,,Lou
Tom from Texas,UCDnzN6Kr9DBlQB9ixKqt1Ng,Visit Channel,7,Yes,,Lou
Cheat Day Around The World,UCDOuxZJhmfC69gX22nZ1loA,Visit Channel,3,No,,Lou
‚Ä¢…™·¥õ·¥¢ ·¥Öx·¥†…™‚Ä¢,UCDPDfPtPRLCr7---uNbX3Hg,Visit Channel,2,No,,Lou
RiVerse Live,UCDpsIpLA8hAguHdHrprC-sA,Visit Channel,4,Yes,,Lou
One Couples Adventure,UCdpyOtHDfdsGpJY3BoK7MnQ,Visit Channel,3,No,,Lou
TOM And RUTH üáµüá≠ Adventures,UCDQ2M--Pc_L6kdZCDw7kjYw,Visit Channel,2,Yes,,Lou
GH'S,UCdrBnBNLsN4_cH32HWbr9qg,Visit Channel,5,No,,Lou
All About Filipina Relationships,UCDSd4U2FQAB4XWgHMjoRrzg,Visit Channel,3,Yes,,Lou
Solomon Pisarich,UCDurjBKKC_nZ-0p_FoA1_HQ,Visit Channel,2,No,Channel does not exist,Lou
thegasconprincess,UCdvmp5g7tgB49kLnPeik3XA,Visit Channel,12,Yes,,Lou
Just Liz!,UCdXXJoFhTrAI4NzRnPdUQxw,Visit Channel,4,Yes,,Lou
AG WONDER 111,UCDyDWQVNvHtbOosA39aslvw,Visit Channel,7,Yes,,Lou
MomDuty,UCDZP2n7wrjSrFA8_KENuJ3Q,Visit Channel,3,Yes,,Lou
ABS-CBN News,UCE2606prvXQc_noEqKxVJXA,Visit Channel,6,No,,Lou
Lil King,UCE3GGYHeyTyTWEYdltEeKTA,Visit Channel,2,No,,Lou
PH dos REACT,UCe3sLhzbYEz40QeS_Iscn0g,Visit Channel,10,No,,Lou
The Joint Base Podcast,UCe5wLGScEw2VUiDP-zdBzpw,Visit Channel,3,Yes,,Lou
Timeout with Dami,UCe7op4W-6YKJOpsG9TOi2CA,Visit Channel,3,Yes,,Lou
El Gato de las Weeekly üêà,UCE8moOr7XnyV9WVaa7RGf0w,Visit Channel,2,No,,Lou
Amiteefrost vlog,UCeAzO56L8g5T-vuJ0g819-g,Visit Channel,2,No,,Lou
chaengtatts,UCEbGn4-f2x7UF796859QFmg,Visit Channel,2,No,,Lou
Luis Portelles,UCeBL09KpOrsEPZhsbI7WT1Q,Visit Channel,6,Yes,,Lou
OPM Acoustic,UCeccof3xATHRJVYTGx36wdw,Visit Channel,20,No,,Lou
Mommy Joy's Life,UCEDiHRbZ8GaEz36dWrneZdw,Visit Channel,3,Yes,,Lou
Inwook,UCeEZxtbcWUs4G6IzGGPNhwA,Visit Channel,4,No,,Lou
YouTube Movies,UCeFH5kVa3__l4mnGPV47kPA,Visit Channel,4,No,,Lou
A Brit in the Philippines,UCegwghWDySliAEORgjaZqYA,Visit Channel,2,Yes,,Lou
Sinema Filipino,UCeH7OWYyfgdpHDzYzQTA4Lw,Visit Channel,2,No,,Lou
Ella Patrice Fajardo,UCEhQEvar9m9divTBuwuTzXQ,Visit Channel,2,Yes,,Lou
Amboy Sa Pinas,UCEjpHDkceZ2lYjnI54t9fmg,Visit Channel,8,Yes,,Lou
The Joi,UCEkqKR-EDytWGuyjDEpYwAQ,Visit Channel,2,No,video titles are in foreign language T_T,Lou
Netflix Philippines,UCEnaoRpbxiSbAhBkuvODGpw,Visit Channel,3,No,,Lou
Global Marissa,UCENHwjTptE-I6PTAmymYrLw,Visit Channel,2,No,,Lou
Alphidia_Savala,UCenm2bbsCF5N8oRG4sjWmfA,Visit Channel,4,Yes,,Lou
JESSEOGN,UCeOFPMK-i-eo-JdeNWHeCYQ,Visit Channel,2,No,Videos mostly on Japan,Rachel
Jared Hartmann,UCEOV7DU1UfzH05r3KBq0OaQ,Visit Channel,9,Yes,,Rachel
G.O.T Games,UCEpGO4cx6j0PBc5LzkmtYdw,Visit Channel,2,No,,Rachel
Finding Paradise,UCEScbJ_iUulVoAeHEAkpRLw,Visit Channel,2,Yes,,Rachel
DJY,UCESmqqsRWsicB9yqXZ_w04w,Visit Channel,4,No,,Rachel
Yoshi the Japanese Guy,UCeT1qAcQxLP6cEfbMe85QCQ,Visit Channel,30,Yes,,Rachel
3 stars and a sun,UCewharJXyf740yMFg9qNcbw,Visit Channel,5,Yes,,Rachel
üçÑMushboomüçÑ,UCewzKsrjO0xH7GNQuMDD78Q,Visit Channel,3,No,,Rachel
Journey of Josh,UCeYkoGE0YuPrpTC0NLCwcNg,Visit Channel,4,Yes,,Rachel
Urbanist: Exploring Cities,UCf_u5jxmnZhv3DaNswhPoVA,Visit Channel,2,No,,Faith
Kevin meets Chanel,UCf0MMnw0Qj-dxahBbmwLkHQ,Visit Channel,2,Yes,"Every video thumbnail has a Philippines flag, frequent mention of Filipino related terms",Faith
Miss Oh,UCF1Pt--DcPEV4d8WXElQJ3A,Visit Channel,13,No,,Faith
Taglish Kulee,UCF3l_ACuhzW5QRn--37Tu7A,Visit Channel,2,Yes,,Faith
Aoishi Shinumura | A'tinomy Gratis,UCF3NGV_0g8nNpvqM4-glqKQ,Visit Channel,5,No,,Faith
KPO TV,UCFcKArH0uUhFgkTcZiDW3Ig,Visit Channel,5,Yes,,Faith
The Savvy Expat,UCFEylvc6CkOWSvZuP_vJv4w,Visit Channel,4,No,content mostly seems to be advice for expats/foreigners for expenses comparisons between ph n other countries,Faith
Awesome Lexi Vlogs,UCfIN99k3tNWHhpOvqetFWzg,Visit Channel,2,No,,Faith
L3WG Reacts,UCfIOSIFur-qFToVKahB0A6w,Visit Channel,2,No,more of american baiting than pinoy baiting tbh,Faith
ONE FILIPINO TV,UCFjh6CdEwrQrKf4o9QUnoEA,Visit Channel,14,Yes,,Faith
Everyday with Kris,UCfKpZv8Ra6KRjGXLvKEMKFQ,Visit Channel,6,No,japanese vid titles,Faith
Milaine‚Äôs Vlogs,UCfl8HJUPdCkX66bv9BDKT5g,Visit Channel,2,No,"tagalog vid titles, fili creator married to foreigner",Faith
Grace Kim,UCflE-QMT5V5l74ivZ50jzIg,Visit Channel,2,No,,Faith
THR3 FEAZ,UCfLh0xWsRhkr6_ZYFRpCYXQ,Visit Channel,4,No,fili creator n tagalog used,Faith
Ricki‚Äôs Kitchen,UCFodx4VDKNZIoRhuFbfAIfA,Visit Channel,3,Yes,,Faith
Island Life,UCfot-hD35IfUqXC9JXcVatg,Visit Channel,4,Yes,,Faith
PinoyFreeCoder,UCFpZDxOMGzsx05epqfvmzbQ,Visit Channel,2,No,,Faith
THE KITO FAMILY,UCFr0o7rHZ0oToelztCUkJZQ,Visit Channel,17,Yes,,Faith
BOBBY'S ANGELS,UCfROmtFIX0dVDpJq1W98Cxg,Visit Channel,2,Yes,,Faith
BlindOwl Outdoors - Simple Living Philippines,UCFuFHFgHPya17g6lbKrlCXg,Visit Channel,20,No,Channel removed because violated community guidelines,Faith
George Japan,UCFvhxOZvy7lao9N5IEFu4aw,Visit Channel,2,No,,Faith
Super Dave the Foodie Trucker,UCFwrnrSeSvaTdiLU1u2LE1A,Visit Channel,3,No,,Faith
SPORTS REACT PH,UCg-kYL79Z-R6Mz1fF68NV4w,Visit Channel,17,No,tagalog used in content,Faith
Manifest With Jay,UCg1O4q_4jXoNN3U_w-TtVVg,Visit Channel,4,No,Channel not available,Faith
Orig Explores,UCG41L6NlmIq1muzgoC_s9Kw,Visit Channel,2,No,,Faith
Marj Suarez,UCg44CBsWwZkKKLA8mA4tgUg,Visit Channel,4,No,,Faith
Jaw Travel,UCg4SAGqIufHHnOlSLRctwRg,Visit Channel,2,Yes,,Faith
Dabble The Reaction,UCG57u0jfLpuPuCAHRUtTxdg,Visit Channel,9,Yes,,Faith
·¥ç·¥Ä…™ ü·¥Ä s·¥ä  ô·¥ú…¥·¥Ö·¥Ä-!‚úø,UCg6IU74qGBrYsLB3q8SDv-A,Visit Channel,2,No,,Faith
Blue / Japanese,UCGB0qhlQVYUISmj0oViXQ_w,Visit Channel,2,No,No video content,Faith
„ÄåThe_Sleepyhead„Äç,UCgd7Ff5cYNd8odKmrC6h1GA,Visit Channel,6,Yes,,Faith
mamah!,UCGDcIpHhVp-UqN1hTNd-AQA,Visit Channel,3,No,,Faith
News5Everywhere,UCGEbMwiX774cseKvJqF9R2g,Visit Channel,4,No,,Faith
Alma Tassadduq TV,UCgGNPIUkWOe0eBNRL_lArLQ,Visit Channel,2,No,,Faith
ChinoAlphaWolf,UCghcBo-65tVRXyCdRp3LK6g,Visit Channel,2,No,,Faith
ariinbeijing,UCGHdJQXNge_Dv7i9mGBC1zg,Visit Channel,2,No,,Faith
Richard Cabile,UCgLmz4c_5lauhJChLDFybgg,Visit Channel,3,No,"pinoy vlogger, uses tagalog",Faith
Just Moy,UCgNp8XV3QbtinxSRaGmlH6g,Visit Channel,3,Yes,,Faith
European Reacts,UCgPh12KkTIsZuM8lXxjwkPA,Visit Channel,2,No,,Faith
Martin Avila,UCgpu8lYCxpiTxB8HIu3fwOQ,Visit Channel,2,No,,Faith
binibining yena,UCgRGutE5Qv6rAAvoAtYFE6g,Visit Channel,3,No,,Faith
uniunicorn,UCGSPErEtUzPI4XIbU3fifiQ,Visit Channel,5,No,korean related content,Faith
Fabian J,UCgV_i-XHrdvcOOeb613cXcw,Visit Channel,3,Yes,,Faith
ItsNomadTrinidad,UCgvTNqLFbMS8Wp73r00fGLA,Visit Channel,6,Yes,,Faith
Wistl Family Adventures,UCGW5DXYdKZ4ULEdeAZn2AlQ,Visit Channel,2,Yes,,Faith
Pinoy Showbiz News,UCgw8bGPRRb6BX9GTYlZLoFw,Visit Channel,2,No,,Faith
bisayaaa,UCGXGZRHULlTZUZI7gs7VAng,Visit Channel,2,No,,Faith
J O Y A H,UCGXQs_w4U4IOZYwEuh9DUlA,Visit Channel,2,No,,Faith
WeAreOcampo,UCgXQWI3jkQBn4PT1zvFK1QQ,Visit Channel,3,Yes,,Faith
Filipino British Couple,UCGXsS5BC_0EB7Qjx_jsEyWQ,Visit Channel,2,Yes,,Faith
Arty Travels,UCGY-wd-aiR8rHX1XaJXII3A,Visit Channel,2,Yes,,Faith
Tim K,UCGyTJBom8TTHa9pc_VlZXfA,Visit Channel,2,Yes,,Faith
JULIO REACT,UCgYx2v1zc-BKQBg0Q7V4xGw,Visit Channel,4,No,,Faith
The TyKo Fam,UCH084jZBDgYLedTTl8OXMKw,Visit Channel,2,Yes,,Faith
Micos Brown,UCh0C6JD2DwkY9Jbhe2LCCKg,Visit Channel,4,No,,Faith
U K I Y O . A R   T,UCHbnFR_XUlcMijyvwestkFg,Visit Channel,2,No,,Faith
Japan_hime,UCHckqa3qWEvEj5lh5wOhT2w,Visit Channel,2,No,Channel has no content,Faith
Delightful Travellers,UCHeFV2atoLtgdKH4iu29orA,Visit Channel,2,Yes,,Faith
Mike's Philippine Retirement,UChJZEuE4O45M6CbcYOS3U1w,Visit Channel,3,Yes,,Faith
On Tour With Dridgers #OTWD,UCHk-j6L93O3JrxhA87H0oWQ,Visit Channel,3,Yes,,Faith
Chuckie's Kitchen,UChOfNDlXR6XueB8IxMxeqBw,Visit Channel,6,Yes,,Faith
RYU VIDS,UChPdkJ37U3tlAnnM0MZhfXA,Visit Channel,3,Yes,,Faith
PopUp Data,UCHrps7QPrVjDRIB67f9locw,Visit Channel,3,No,,Faith
Brandon and Wila,UChSsQPO1BNzgvup-VcmUeow,Visit Channel,2,Yes,,Faith
Athena Pan,UChtRES48ZRHW1nTRIOL8omA,Visit Channel,4,Yes,,Faith
Singh and Sarah,UCHx3EruMoIye5O12oR57Bqg,Visit Channel,13,No,"fili creator, tagalog is used",Faith
Philippine Airlines,UCHXa8eT8o_wxQrzXTMaxYQQ,Visit Channel,2,No,,Faith
Sweetnotes Music Official,UChYac7BwqtY2d2MznVFVHvg,Visit Channel,2,No,,Faith
Volkan Daƒücƒ±,UCHYQ-65DYweO6dYooSfYqpw,Visit Channel,10,Yes,,Faith
Ken Abroad,UCHza0GAxOvBOeLKkMeL8EcQ,Visit Channel,11,Yes,,Faith
Tastes Seoul GoodÌÖåÏù¥Ïä§Ìä∏ÏÑúÏö∏Íµø,UCI_4xw1y0CV-1gVYK2PgW-A,Visit Channel,3,Yes,,Faith
TeddyGreyOnStuff,UCI0Q26FJ67e9e_K-FRgBqRA,Visit Channel,3,No,,Faith
Smile Squad Comedy,UCi1ynaf3mWz-mgim7LvqjzQ,Visit Channel,2,Yes,,Faith
japuanim,UCi2YIVOBghkAthEe8XsFbAg,Visit Channel,3,No,,Faith
Adam & Yaz,UCi6FGUxJ0qELkA5Cpj8YpUQ,Visit Channel,2,Yes,,Faith
¬∞Its_Justine¬∞,UCI7m2KhDZXnV1RZrkEw3o-w,Visit Channel,2,No,,Faith
Fumiya / FumiShun Base,UCi7Ofw4sJynsacr_i6uk_lA,Visit Channel,6,Yes,,Faith
Ok What's Next,UCi9s1i9ws9CHukbga05vuDg,Visit Channel,3,No,,Faith
lucas live br,UCia6oQqdV5kXk7aXf3gJsYw,Visit Channel,2,Yes,,Faith
Eoin and Aisling,UCIf4OAWnvOnJwoGrOuFu3xg,Visit Channel,2,Yes,,Faith
kelly,UCIgeYqubI5M8LoLCcZqwlpw,Visit Channel,4,Yes,,Faith
Switzerland and the Philippines,UCIgf5ncld_GFXbu9MWc6MCQ,Visit Channel,3,Yes,,Faith
We Vybz Tv,UCIk6DASPsMiUXnU6Y1Lz8Ww,Visit Channel,8,Yes,,Faith
The Eaton Squad,UCilLiZH-IAFgKQ1A4mm9FZg,Visit Channel,3,No,,Faith
Pinoy Proud and Pride,UCilyWAYEBfQTJ9DhuVsh_NA,Visit Channel,3,Yes,,Faith
Daniel Marsh,UCiNCvGzwadWCZIzTUjoApRQ,Visit Channel,7,Yes,,Faith
ViiBee React,UCiQilK6BrXtpEis6iuM92VQ,Visit Channel,3,No,This channel does not exist.,Faith
Totoo TV PH,UCIqsYnifTohuRqM1ij8CZRA,Visit Channel,2,No,,Faith
Military Combat Network,UCiSfjwYIGaLIHI7fHbyCpiw,Visit Channel,5,Yes,,Faith
King KeNNy Slay,UCiuqfsMPDQaSaGgw1o96XrQ,Visit Channel,10,Yes,,Faith
Trending Ni Andres,UCiXAAaqS9py7TzHzQ9A5Ftg,Visit Channel,5,Yes,,Faith
ASIA ARTIST AWARDS,UCIYOI59PWwwOtsXmTnLOp_w,Visit Channel,6,No,,Faith
üåÜ ‚Ä¢ „Äå ùëÖùë¢ùëèùë¶√òùëìùëìùëñùë•ùëñùëéùëô._.ùê∂‚Ñéùëéùëõùë• „Äç „ÉÉ,UCIYu3AyIEVSE5Ur6iuCseJA,Visit Channel,3,Yes,,Faith
Van & Joe,UCJ_7NsTniv09HWWq2Ht_PZQ,Visit Channel,2,Yes,,Faith
Vaso and Mich Filipina Montenegrian couple,UCj-kwp1A_zHuKzGwvyGem4g,Visit Channel,3,Yes,,Faith
Married2Travel,UCj2-ftAf2b4FSGoVvcF9VKQ,Visit Channel,3,No,,Faith
GMA Public  Affairs,UCj5RwDivLksanrNvkW0FB4w,Visit Channel,2,No,,Faith
Where Next Family,UCj6wN8aXupC_RVWBD-Mof7g,Visit Channel,3,Yes,,Faith
Nozumi,UCjAT3VDWLoG-9NFQhCe_gow,Visit Channel,4,No,,Faith
Gacha Life Empress,UCJbk_0tA1lLVI04nuUfgsPg,Visit Channel,2,No,,Faith
Pinoy Knows TV,UCJC6UiSrnyNXLAWv38rYXjg,Visit Channel,3,Yes,,Faith
Jus' 2 React,UCjFqjcg0RR6ILLrZ32k4D9g,Visit Channel,8,No,,Faith
OPM CLASSIC BEST SONGS,UCjGfnNcN2mNmrVvWwOdPAMQ,Visit Channel,2,No,,Faith
The Dutch Pinay Couple,UCjJHZ6CSsWJ71HkJKnLrqxg,Visit Channel,2,No,One of the channel creators is born and rasied in Philippines.,Rachel
IRL Media PH,UCJM37yOZ0nOBiS0HzBx3nmA,Visit Channel,2,No,,Rachel
‚òæ‡º∫ √¨tz_G√•l√§x√¨√°n_J.‡º∫‚òΩ,UCJNxB0VUSqqFFL4caRibmYA,Visit Channel,2,No,Videos not related to Philippines,Rachel
Jordan Melby Vlogs,UCJqFke5HEUbD1IXf0wzEqbg,Visit Channel,2,Yes,some of creator's yt shorts could be considered pinoybaiting,Rachel
Lisa Nguyen,UCJQVsC3XcvuRMRr-jD_kTPw,Visit Channel,2,No,,Rachel
Minami Kim,UCjRLSbICh4B8kc1HYmQzK0A,Visit Channel,3,No,mostly on kpop,Rachel
Jasper in the Philippines üáµüá≠,UCJsUPQs-NSevvUxKmtvdQxw,Visit Channel,9,Yes,,Rachel
Travis ML,UCjtObLhkkocMU20PqmVtavg,Visit Channel,5,No,,Rachel
Kuya Devan,UCjuOgcseA2FOKP288WPwERw,Visit Channel,2,Yes,,Rachel
Regular Guy,UCjW5n1CTxVxmYtX1l2TrMjw,Visit Channel,4,Yes,,Rachel
The Chui Show,UCJX9p4c81NoZ4_TFME-yY6g,Visit Channel,4,No,,Rachel
Cav and Nicole,UCJXfUnmNgN9KLJMAkPa7jHw,Visit Channel,2,Yes,,Rachel
Jamey Iris TALK TV,UCjxrWUwmfgjv81R-ruHfB2w,Visit Channel,2,No,informational videos,Rachel
Foreigngerms,UCk5qFPLPW8_ZdeYmgJqowlg,Visit Channel,2,No,,Rachel
Michael Sorensen,UCkCiyXd84sb42FdckKV0ylA,Visit Channel,2,No,,Rachel
Ryan Hale Shorts,UCKeHU0eCkf17RdeCHB45JMw,Visit Channel,4,No,videos focused on different langauges,Rachel
Max Reaction,UCkGnjL3liLUAHfhAAljws3w,Visit Channel,3,Yes,,Rachel
bossROD TV,UCkhKs9DE4vLE0xQd5C062Ow,Visit Channel,2,No,,Rachel
American Entrepreneur in the Philippines,UCKie0svsFyBBsKaQIA4hx-w,Visit Channel,3,No,,Rachel
GMA  Network,UCKL5hAuzgFQsyrsQKgU0Qng,Visit Channel,2,No,,Rachel
Susie in the Philippines,UCKLlmM881k4QZN-iUAFIQfw,Visit Channel,30,Yes,,Rachel
Waffle Films,UCklOBv5MxG67iWZ3ydaTOrQ,Visit Channel,2,No,,Rachel
Jasmine Angeline,UCklTUzY9QlyZDbfuPM0eA2w,Visit Channel,2,No,,Rachel
"KC Mahal on KCMahalTV, GSTV with Philippines Life",UCKLVNE8_lDKAKC3Ttn0mnyg,Visit Channel,3,Yes,,Rachel
Calvin Castiel,UCKMU-I4eYw-D9QF1YdUMUlw,Visit Channel,29,Yes,,Rachel
Dinma Jane,UCKnhf4-AS6XeVJCsVGTtzMw,Visit Channel,2,No,,Rachel
Family Feud Philippines,UCKNLamB6VLwjjyHWQpQC2Gw,Visit Channel,2,No,,Rachel
DW News,UCknLrEdhRCp1aegoMqRaCZg,Visit Channel,2,No,,Rachel
Buhay ni Tal - Living Filipino,UCkocmrlkySgOdt9RYamw6dQ,Visit Channel,2,Yes,,Rachel
Sukli,UCkPpAqpOa_MXLP2qOTSrPOg,Visit Channel,16,Yes,,Rachel
Eddie in USA,UCKqF_GzR6_g6m5v5JxgaX7g,Visit Channel,2,No,,Rachel
CHACHII-CHAN,UCkQFtRC61tYJkBZg2PYAmog,Visit Channel,3,Yes,,Rachel
NETS IN 6,UCkRnzQf_3nJMgyZQoVdZxpA,Visit Channel,2,No,,Rachel
A'tinPh_Mau,UCKslMpcBF1-hhXtOZZ8iOLA,Visit Channel,3,No,,Rachel
Amicy,UCKuprywRDf5gyhSg9Usqgdg,Visit Channel,2,No,,Rachel
Life of Maymay Mukbangers,UCkv-SXvWHauNrkZzyQIDSZg,Visit Channel,42,No,,Rachel
PinoyPolish Family,UCkVGwkKwVXBpg4hE7TL9dbg,Visit Channel,3,No,,Rachel
Jessel in the Philippines üáµüá≠,UCkVNOAMRAda2x1OW9qXAhbg,Visit Channel,7,No,,Rachel
Ella Vloggs,UCKW52TzD7cx__2BlKYYZ75A,Visit Channel,10,No,,Rachel
itlog ng Pinoy üáµüá≠,UCkYDGQkPkOxOGSuQUdGJLVQ,Visit Channel,2,No,creator is Filipino,Rachel
Dale Philip,UCKygRpISlqs5TufcT3JtRng,Visit Channel,3,No,vlogs are on various countries,Rachel
FTGxtrbleYT,UCL-fNRw9po7JpZqbC5XSUvQ,Visit Channel,2,No,videos mostly on games,Rachel
Philippinesüáµüá≠,UCL21e5WivLGktgPjcWivlkg,Visit Channel,15,No,,Rachel
Videolux Philippines,UCl3z7kQ9GlwAyAlwYgcOOmw,Visit Channel,2,Yes,,Rachel
Jackie in Philippines,UCL9u5oNnY_pRyzt-UaP5JuQ,Visit Channel,4,Yes,,Faith
Kano Harry,UClC88Hwf0c115jFj-fhVj2A,Visit Channel,16,Yes,,Faith
A Foreigner Farming in the Philippines,UClCaGenCW0l5kPVUrR3wWmQ,Visit Channel,12,Yes,,Faith
MORRO DO CANTAGALO,UCLeZzPujf7wF5rvtV1NdjMw,Visit Channel,2,No,,Faith
Coach Jarret,UCLgh8L9KCNwk-cNqWgO_j4Q,Visit Channel,2,No,,Faith
KHili,UClh-4zb0esm1YLZdGa-msfw,Visit Channel,15,No,This account has been terminated for a violation of YouTube's Terms of Service.,Faith
S_BLAZE REACTS,UCLhAHoQP9JHzdhQEppbNA-A,Visit Channel,2,No,,Faith
curious AK,UCLhk-M_MXhxwvjwgU1--w-Q,Visit Channel,3,Yes,,Faith
Filipina City Girl,UCLIOOZJfmGXGIY0GQWCHsAw,Visit Channel,3,Yes,,Faith
Gio in the Philippines,UClMlXTxpTNMZRE4AEjlc5RA,Visit Channel,3,Yes,,Faith
Dillon McClure,UClnOJmWf3o_f6x-Q16rjorA,Visit Channel,4,Yes,,Faith
Xiaomanyc Â∞èÈ©¨Âú®Á∫ΩÁ∫¶,UCLNoXf8gq6vhwsrYp-l0J-Q,Visit Channel,4,Yes,,Faith
Mery P,UCLNPsVp9IaYf5a5XRQOE_qg,Visit Channel,18,Yes,,Faith
Jessica Lee,UCLPLXSPgySkBypwpi6BrMwg,Visit Channel,16,Yes,,Faith
Milky Coffee,UCLQ1V9BthBBZA_mE3QV18eA,Visit Channel,2,Yes,,Faith
YouTube Movies,UCLQbjaq1sI0nfLWbqi4C1Kw,Visit Channel,4,No,,Faith
Isabella TW,UCLRQ45EG4GW6YAoaVnNpNRA,Visit Channel,2,Yes,,Faith
FALATUZETR√ä,UClTDRDn_pe6paLX05viZLyw,Visit Channel,2,No,,Faith
Gacha_golden 137,UCLuyf8W6MKrVSd254Pp0N5w,Visit Channel,6,Yes,,Faith
T.A.G. Edits,UClw3V6PoW6a0ShTSnVSH6QQ,Visit Channel,2,Yes,,Faith
Mac n Teens,UCLwXLrLjw0bvnk1eGQBNJmg,Visit Channel,4,Yes,,Dave
Kuya Jake,UCLZn9AO3oMeox3b3FEusjuw,Visit Channel,6,Yes,,Dave
TRAILER CITY,UCM1LVD5a5509fzL-4khritA,Visit Channel,3,No,,Dave
HeyoLeah,UCM31OXY_a1lrR2dSTOpeVkA,Visit Channel,5,Yes,,Dave
Tim Troetschel,UCm3CG7lhRB0VkiefjhCCwZw,Visit Channel,3,Yes,,Dave
Blessing Asemota React,UCM5PsLystlm5bVMk3kCA2DQ,Visit Channel,4,Yes,,Dave
Backstreet Gents,UCMDT70VfH_UhKO6i7fZXe8Q,Visit Channel,2,Yes,,Dave
Always on a Journey,UCMGEUVgOJ3jqLfvogNjOH3w,Visit Channel,2,Yes,,Dave
Jonas Tayaban,UCmgvp9rnjYoOQWnd1QQFCCQ,Visit Channel,5,Yes,,Dave
Roc√≠o RC Col√≥n,UCMHRM06tR8Sa-Hj3yT_k8fQ,Visit Channel,9,Yes,,Dave
WAVE LEE,UCMhSxrcs7vsoNp_pDe0TDGA,Visit Channel,6,Yes,,Dave
Red Zone Mindanao,UCmlfCI87gCasxVQR1_Y_DqQ,Visit Channel,2,Yes,,Dave
anerio,UCmMgc8uhRjCgr4DoAk5LOvw,Visit Channel,2,No,,Dave
Mariia Di,UCmMHuOVQroFnzMPtBBwtoCw,Visit Channel,6,Yes,,Dave
MLBB eSports,UCMncR-XXNXhMyJELEgCrHlg,Visit Channel,2,No,,Dave
Jonathan Liandi,UCmtAg_U0wvmWdxTlceISdEw,Visit Channel,7,No,,Dave
FlavoursSix,UCmtXIhtRSszrRIMbrjB7Xsw,Visit Channel,2,No,,Dave
Travel Chronicles,UCmUaeYKjQ7n0aMa1KjDHlQg,Visit Channel,6,Yes,,Dave
Millennial Legends,UCMuPgPrCACbIm9Fscs4TDvA,Visit Channel,3,Yes,,Dave
Ryan Was,UCmuqCD1-z48_-9KtDTHbQ5g,Visit Channel,2,No,,Dave
Randie tv,UCmVRUhVe7TZlO2OwJ1J2Zuw,Visit Channel,2,No,,Dave
The Hungry Syrian Family,UCmw9oO138A4WRUbOZyUGhHA,Visit Channel,6,Yes,,Dave
Gli and Erik,UCMWTQE8CQv5outBblPqa8tg,Visit Channel,2,Yes,,Dave
Hobo Ventures,UCmXq0ZRIyR3eX9OhTrNHisA,Visit Channel,2,Yes,,Dave
boss rino,UCMyFYaVqUDcnsv2jUnRaNCQ,Visit Channel,2,No,,Dave
Dean Hashim,UCmZEdaBmnUEoWAzLo4nFASA,Visit Channel,7,Yes,,Dave
Alexis' PINOY ENGLISH LESSONS ONLINE,UCmZKS6lYmSrUME5aUvKIDKg,Visit Channel,2,Yes,,Dave
I'm PopRice,UCN1fmQcURDJwYI0_zcHb1NA,Visit Channel,2,No,,Dave
Gerard Activa,UCN2X09K8o0zhk44EVhkmeXw,Visit Channel,6,Yes,,Dave
Reaksyon ni GB,UCn6Bd94ALSqV_vaxA7M6blA,Visit Channel,5,Yes,,Dave
That Japanese Man Yuta,UCn7LyBvG5LEBXK9I4W5dGdA,Visit Channel,2,No,,Dave
MAProductions,UCnf9YC7xupkbIZyVS3Q4zeQ,Visit Channel,3,No,,Dave
Scavenger_120,UCngahNO3_iGbR5NTyzSrmjA,Visit Channel,5,No,,Dave
Belgian Make it Better,UCNHAs6ggBt0uTcys9Lx7veQ,Visit Channel,4,Yes,,Dave
Jay's Philippines,UCnhJnjWpUnBXw5U0bGStP8Q,Visit Channel,2,Yes,,Dave
Tales of Odyssey,UCnIG77gLrKwxZ-j0YhmstcA,Visit Channel,2,Yes,,Dave
KorPhil Lover,UCNjBwZD3GAU3ksFTBj4dFbg,Visit Channel,2,Yes,,Dave
Timothy James,UCnKqPUUQOykTnuAR1n_ytuw,Visit Channel,3,No,,Dave
Mars & Tobi,UCnOeTSQY_YmjxeY12y0xOPQ,Visit Channel,5,Yes,,Dave
Filipina Life with Mia,UCnpnhxcQT-97-otlG4XUqCQ,Visit Channel,2,Yes,,Dave
Filipino Ukrainian Couple,UCNQGvfJQi9_O4OkkJtPfTXg,Visit Channel,4,Yes,,Dave
Amerikanang Hilaw,UCnS4ERF-4LJEcbqcUjoMMyw,Visit Channel,6,Yes,,Dave
AfterHours,UCnsV7K2rQYrADPVONhYnx3g,Visit Channel,2,No,,Dave
GR6 EXPLODE,UCNUQK9mQoqi4yNXw2_Rj6SA,Visit Channel,3,No,,Dave
Rahul2Fan,UCnvNQsU5bd2T0Pl7dfpUHhg,Visit Channel,11,No,This channel does not exist.,Dave
Divert Living,UCO-BUJCM03NS-rwr1VonV4A,Visit Channel,2,Yes,,Dave
culturecebu,UCo-GWE9p5hK0iaMainUJ6wg,Visit Channel,2,Yes,,Dave
MLBB INDONESIA,UCO-UDRlVzoRrHrzq-2sV_pA,Visit Channel,2,No,,Dave
Craig in Asia,UCo57S0HBediNd47Ew5ezkzw,Visit Channel,3,Yes,,Dave
keis one,UCO5IhWS7_CIU1HoAkffBzcg,Visit Channel,2,Yes,,Dave
The Demouchets REACT,UCo5IPeTfhzXzzNB64ALUSUw,Visit Channel,23,Yes,,Dave
The Commodity,UCO5Jeark1e_JP36mY3ua19g,Visit Channel,68,Yes,,Dave
Sebin Kim ÏÑ∏ÎπàÌÇ¥,UCOBhPv7iSNPNeyyBTkY1VtA,Visit Channel,2,Yes,,Dave
Adam and Jane's Lifestyle,UCobYD8WgP3GPOqgvXF2Yy1w,Visit Channel,50,Yes,,Dave
Marshmallow milky,UCoDLVDw8bajmWQ2eLEJzNqg,Visit Channel,2,No,,Dave
Fina's UK Family & Lifestyle,UCOeJBQGvDaEXQZSwTr_V2ow,Visit Channel,2,Yes,,Dave
The Sovereign,UCoiOd5ziEyXy2WLdKVTNiIA,Visit Channel,4,Yes,,Dave
Have You Ever Wondered,UCOL1S-pRMl51fJ2V6ocljAA,Visit Channel,3,Yes,,Dave
Philippine Family Life With Leah,UCoNbjiMmQ3c8CdiHu-TaYKw,Visit Channel,4,Yes,,Dave
8 Miles from Home,UCOnj7dA6j1iTFtudrackMag,Visit Channel,8,Yes,,Dave
Livin La Vida Tagalog,UCONm3i2-__08mS14cU0rHPg,Visit Channel,4,Yes,,Dave
DreamWithDiana,UCOO0qiM_zrmwItmq--j3ICA,Visit Channel,35,Yes,,Dave
Crazy Filipina Love,UCooOp70lTrrOi4bqG531JOA,Visit Channel,2,Yes,,Dave
Desi Chris,UCoqGJPtvsPpALlhtqB1lcHA,Visit Channel,13,Yes,,Dave
Go with Flo,UCoqLzIVd0ojld7e9zxbFSgg,Visit Channel,3,Yes,,Dave
Avelovinit,UCoQWcwy-nYVG6Er9VxyxJJA,Visit Channel,4,Yes,,Dave
Tom Yum Lechon,UCOr9UPB0Xw86Cic2lkW2ufQ,Visit Channel,3,No,This channel was removed.,Dave
MAICON NEVES,UCORVD9mPq8IBwDvu0B6_ViQ,Visit Channel,4,No,,Dave
Ije999 Reacts,UCOtztOjWQPgzGaCdtArfWuw,Visit Channel,3,Yes,,Dave
Kumander Daot,UCOvLWcHoB4aujwiWKme_pFg,Visit Channel,5,Yes,,Dave
Living abroad,UCoWQLZoPwn3mJ-oiPrwDpbA,Visit Channel,16,Yes,,Dave
Yaj,UCOXvT4rtztBIdT1P-QRsLCQ,Visit Channel,2,No,,Dave
‡º∫[Vale üåπ Rose]‡ºª,UCoYTHRlGRuYwjW5cxzZ74WA,Visit Channel,6,Yes,,Dave
Rubeauti,UCoYVSCQ0BlM6s33p41gYjRA,Visit Channel,2,Yes,,Dave
LEBIB FAMILY,UCOzLRbrX5UVsHRoMl2pNICQ,Visit Channel,3,Yes,,Dave
Canadian In Philippines,UCP_y6xg3u3hF3pskXosMQyQ,Visit Channel,14,Yes,,Dave
A Foreigner and Filipina in Philippines,UCp-i_hdhMOQ8IbsGtuszEQg,Visit Channel,2,Yes,,Dave
Mr BulBul,UCp17yfUHfvmjHpHa0xKOmig,Visit Channel,2,Yes,,Dave
Hope Filipino Worship,UCp1gtDwiE8iZH9sCJ1aaPYw,Visit Channel,2,No,,Dave
Fun And Talk,UCP1TtgcChvhLL5aqxe45CPQ,Visit Channel,3,Yes,,Dave
The Wimmas,UCp4-ksiKbZ3vTmv3gQ6tF8w,Visit Channel,3,Yes,,Dave
DARLA,UCP50end1PCEhV4sWEygmQaQ,Visit Channel,4,No,,Dave
Waleska Herrera,UCPAz3hWHiBC-c1x4K0-atsg,Visit Channel,258,Yes,,Dave
Cute Fangs,UCPBarav9EolhCC30xmJ1Epg,Visit Channel,5,No,,Dave
Drew Durnil,UCPcABVoFfCK5gDfX0PY1KGg,Visit Channel,4,No,,Dave
Sol & Luna TV,UCpcVjkwSeZG6GJvLsIxK5Yw,Visit Channel,35,Yes,,Dave
First We Feast,UCPD_bxCRGpmmeQcbe2kpPaA,Visit Channel,3,Yes,,Dave
Blatant Reviews,UCPG-kUxVpjZWFAJeCwS4cQw,Visit Channel,4,Yes,,Dave
Twins SF,UCPGDvVGtdbkJgnWmSXLXI1A,Visit Channel,6,Yes,,Dave
Netflix K-Content,UCpiCK8c6PBktcxq7Az_t4RQ,Visit Channel,2,No,,Dave
Pablo B Sanchez,UCpjLzP1jlV3s8tvIKKJZ1-w,Visit Channel,3,Yes,,Dave
Insanian Reacts,UCpl2ci4xK_08c5PCGOEt7yw,Visit Channel,5,Yes,,Dave
Mark Nowhereman,UCpP_KIeLQjugHtyWNp87BsQ,Visit Channel,2,Yes,,Dave
Hello Philippines,UCPPBot1bmfYLSDK0lk9Tlcw,Visit Channel,14,Yes,,Dave
A Better Life PH,UCps-DY2gS0h4fowXa92HQKw,Visit Channel,4,Yes,,Dave
Zane Travel,UCpsivHVNaBnIAPhkLBZcWQg,Visit Channel,5,Yes,,Dave
TAKASHii from Japan,UCPSx50w7WavmAXmYowlhNWQ,Visit Channel,6,No,,Dave
RAikah,UCpT17zbToGANwa8hcwYeG_w,Visit Channel,2,Yes,,Dave
The Stepanov Family,UCpTCjuNOcqSyjvmu1sEES4w,Visit Channel,2,Yes,,Dave
Bite size Japanese,UCpxbboLySEHKTN1e9X_vpxA,Visit Channel,2,No,,Dave
MobaZane,UCPxo5TPFF0YihBvqVWRfSYA,Visit Channel,5,No,,Dave
itsKEVO,UCPyi-4WfF63TJ95zKShawcw,Visit Channel,9,Yes,,Dave
Rec‚Ä¢Create,UCpZdK-V4x1b2TFzFBKwGztw,Visit Channel,10,No,,Dave
Dustin Backpacks,UCQ3i4wFECsKSLp8_9y-BkgA,Visit Channel,7,Yes,,Dave
FeVar T.V.,UCq64t8ZBRTIJ1eALNDH-RjQ,Visit Channel,2,Yes,,Dave
RYU JAPAN,UCqCI4i-mZ4Cu6Kr8emMaf1A,Visit Channel,15,Yes,,Dave
Jesse Davie,UCQd4vaUemvTOAxvoQqlY7Ew,Visit Channel,20,Yes,,Dave
BecomingFilipino,UCqdBWKP4_8bU-Rsk2LvVz6Q,Visit Channel,21,Yes,,Dave
Javierml,UCqEswF1uGhSqQyZfZ768pGw,Visit Channel,5,No,,Dave
Meagan Gill,UCqf-tisdSRYXbPb9LKhU_6w,Visit Channel,2,Yes,,Dave
SmileyMe,UCQGgupdFQ6fNN8EWBL1TOXg,Visit Channel,2,Yes,,Dave
Our Half Asian Adventure,UCqie0bD3ltJm2qGDbiKjm-Q,Visit Channel,2,Yes,,Dave
Tater Travels Shorts,UCqIG2Z7i5lxsiaNJenOW-NA,Visit Channel,6,Yes,,Dave
Young Park,UCQJk3uiE5_497p-zjNER77Q,Visit Channel,4,Yes,,Dave
Sylvia Kim,UCQKWCDl0BKMIAj-mrjLIySg,Visit Channel,26,Yes,,Dave
The Playroom Studio,UCqMy-fbfky74L_EgKlYXTDw,Visit Channel,4,Yes,,Dave
World Nomac Uncut,UCqNZ2sjaVxkaZ7GlAyaKlXQ,Visit Channel,2,Yes,,Dave
UZUNO,UCqp39Bl6dlXyCy9J2FgDraA,Visit Channel,2,Yes,,Dave
Gosu General TV,UCqp8SDQ4WI77KEI7g4IZBfg,Visit Channel,4,Yes,,Dave
Just For Laughs,UCqq3PZwp8Ob8_jN0esCunIw,Visit Channel,2,No,,Dave
Soloista Ph,UCqqreHN9wUNdnVwybYP4W0w,Visit Channel,2,No,,Dave
That Philippines Life,UCQQyW9Ki62OmGzHedws7xlQ,Visit Channel,40,Yes,,Dave
OriginalHuman,UCQS5OIk3d_MokLtPPuy_HOQ,Visit Channel,2,No,,Dave
MarkTianz TV,UCQT2cM6eF9Q4ViaAzxWSxKw,Visit Channel,4,No,,Dave
Mickael Shimizu,UCqtjvd-UP_lcPX8D2ToDZOA,Visit Channel,2,Yes,,Dave
Tagalog Hub,UCqvkWHEVZbFBM68OXxDNhkQ,Visit Channel,2,No,,Dave
Fil-American Made,UCQvZnhzOeb5FSGU--TZqt0Q,Visit Channel,4,Yes,,Dave
Life Where I'm From,UCqwxJts-6yF33rupyF_DCsA,Visit Channel,2,Yes,,Dave
Let's Meet Abroad,UCQXBq7djFA_xTSVgNGLJ0LQ,Visit Channel,5,Yes,,Dave
Theresa Oyao,UCQyJ7yw-Y8-95m8e143KwiQ,Visit Channel,2,No,,Dave
LeRoc Living My Life Philippines,UCQYkvXhPNaRxlu-jAI5_5Zg,Visit Channel,31,Yes,,Dave
We Wander,UCqz1WM1LPEP_nkMMYeEyBVQ,Visit Channel,5,Yes,,Dave
DKR BATam & CATmimi REACT,UCQzMz-_0cAJ4E-4QsEcFGnA,Visit Channel,3,No,,Dave
PhillyinthePhilippines,UCQzpQN0PTfIx1ARe7lL1jXQ,Visit Channel,3,Yes,,Dave
Learn with Daryll,UCR-yUQRWEciSqQowtTDHskA,Visit Channel,2,Yes,,Dave
DKT,UCR1GryMfzpPxacdLcs12jvg,Visit Channel,3,No,,Dave
Nostalgic Songs,UCr56X8iN8CvP6qml1QaOMAg,Visit Channel,2,No,,Dave
Tagalog Time with Pat,UCR5h2liUa03_r2pS2MdH5bg,Visit Channel,3,No,,Dave
PH 021,UCR7KdaQkXUUHhyaw764RVzw,Visit Channel,12,No,,Dave
Quang Tran,UCraOIV5tXbWQtq7ORVOG4gg,Visit Channel,2,Yes,,Dave
Spencer & Kristy,UCravC7dPHG83M4LP4SYpXvg,Visit Channel,2,Yes,,Dave
ùêçùêéùêòùêÇùêáùêà ùêÖùêÄùêåùêàùêãùêò ùêàùêç ùêÇùêáùêàùêçùêÄ,UCRBl2r79LSWOpMh-ZeHWNTg,Visit Channel,2,Yes,,Dave
Dave Roams,UCRbxApsHPfN2huG4Z6D0MeA,Visit Channel,18,Yes,,Dave
KJ AVELINO VLOGS,UCRcnAgWCwVdeGaDxXOStLDA,Visit Channel,6,No,,Dave
Steven Sushi 2,UCRdFo4dY8bxHitHktNAWDxQ,Visit Channel,2,Yes,,Dave
Nurse Ruth Nook,UCRe3yRMUuJkNeWLtO9kBGqg,Visit Channel,6,Yes,,Dave
The Crowns Vlog,UCRE7r7IHtuDeiYcPXdUXaVw,Visit Channel,2,Yes,,Dave
MOVIEHOLIC,UCRHcpjAIeJpAVhnSaa_I2hQ,Visit Channel,2,No,,Dave
Chad Foster Explores,UCRJsTt5C_CCKtst-pqMzYVA,Visit Channel,9,Yes,,Dave
Lyn & Anthony life in the Philippines,UCrkk5DrjoeF6AJkP0YEpZIQ,Visit Channel,9,Yes,,Dave
Elisa and Rei üíó,UCrKlA-J0_yBO9YYaxUT7-mQ,Visit Channel,2,Yes,,Dave
‚Ä¢ ùöÇùô∑ùöà ‚Ä¢,UCrlcSdUWNYvuFOk6S-3YXPA,Visit Channel,2,Yes,,Dave
The Filipina Pea,UCrm4tEQqTrUP3MwB2G1mjHw,Visit Channel,9,Yes,,Dave
Part Time Travelling Family - Eleise and Lawrence,UCRMPRZ498l0Bu5xvcvaesuA,Visit Channel,4,Yes,,Dave
Isla Pamilya,UCRN5aoMVbZgaFrzqwUqMyWw,Visit Channel,2,Yes,,Dave
Japanese Shu channel,UCrOmnHUEWYsGia51g9QNG7g,Visit Channel,5,Yes,,Dave
The Hungry Syrian Wanderer,UCrPo31V8wpuuCMseyzEDZMQ,Visit Channel,9,Yes,,Dave
KIM n LEE,UCRrUJKpFAGgA9WVjSWhgk2Q,Visit Channel,8,Yes,,Dave
Team Amor,UCrvUGNVWWyrQmx6SeVxJ9nQ,Visit Channel,3,Yes,,Dave
What's up Philippines,UCryJ4vhASeu7uhXRPOL3WhA,Visit Channel,139,Yes,,Dave
Ride with Gabi,UCrYYlurQKzxeyabcqwSEYcQ,Visit Channel,2,Yes,,Dave
TriFate Lifestyle,UCRzBNJTsBe2rq6pkyXeaj1A,Visit Channel,20,Yes,,Dave
Hello Kiri,UCrZxPinzghT-Ry6NmOf81mw,Visit Channel,2,Yes,,Dave
MICK AND JEAN'S LIFE IN THE PHILIPPINES,UCS4pn9XQULeUacclO0d7SmQ,Visit Channel,2,Yes,,Dave
YanaFromUkraine,UCS4r32U01R4vta9fc3Ca0kg,Visit Channel,2,Yes,,Dave
Asian Drama Station,UCS5MbG00dzUDTEp6LXaIGYA,Visit Channel,2,Yes,,Dave
Puting Pinoy of ExAmmon Studios,UCs5vW-XTkApnkLbaiz0yNIg,Visit Channel,6,Yes,,Dave
Peach,UCSBrtrvZravZ-TGs_4LlO1g,Visit Channel,2,No,,Dave
Yuta Uchida / UTG,UCScSbGnIJOv_i-3Sm8Yb5Fw,Visit Channel,4,Yes,,Dave
Pinoy Floyd üáµüá≠,UCsfUbIyotnXsKv9paUan0lQ,Visit Channel,2,Yes,,Dave
Wil Dasovich,UCSir19L_390tAg4IbCggvCg,Visit Channel,9,Yes,,Dave
bored Ruky,UCSK2PJg8nhHnrQJ7kzvUj0Q,Visit Channel,2,Yes,,Dave
Bret Maverick,UCSqcvKFWQhhQOiK4jxyEElQ,Visit Channel,2,Yes,,Dave
The Trips,UCSrMrcpvabewFQCSBRUAiWw,Visit Channel,4,Yes,,Dave
ABS-CBN Entertainment,UCstEtN0pgOmCf02EdXsGChw,Visit Channel,6,No,,Dave
Bigg World Cinema,UCSvaH7DbguYJcp8PHTTv1Zw,Visit Channel,17,Yes,,Dave
Ira Joyce Sanchez,UCSvo854IR0oj9vZZ55o4LHA,Visit Channel,2,No,,Dave
Faruk Acar,UCT1Ay1RAXtUlEII5toY3gBg,Visit Channel,2,Yes,,Dave
A Foreigner in the Philippines,UCt9BTGSxATM6axwfTY4KnEg,Visit Channel,77,Yes,,Dave
Travel With Success,UCt9CPuWfS9HgRZmSYpGPFaw,Visit Channel,13,Yes,,Dave
American Foreigner,UCtA6aAfZDMu9KPFNFvYz18A,Visit Channel,2,Yes,,Dave
MARENG CUBANOY VLOG,UCtA9jjiIKnJBGVIOMTtVqqA,Visit Channel,2,Yes,,Dave
Captain Steve,UCtAkYahXNSJ8RVOil0O_Rnw,Visit Channel,2,Yes,,Dave
ProjectHanna,UCtBIWmRRlItV4I8e_AMLWeA,Visit Channel,2,Yes,,Dave
Myk's Philippine Journey,UCTfHKQ9fbUEiStUAQEax7dw,Visit Channel,5,Yes,,Dave
R7 Tatsumaki,UCTg0Ue7PAI8ep3_ITQMqQcA,Visit Channel,4,Yes,,Dave
Hiubang Show,UCth6TQtLO5sOY-vjaeAfYBQ,Visit Channel,5,Yes,,Dave
EL's Planet,UCTL128JylZO50B0MqbUuhSw,Visit Channel,21,Yes,,Dave
Spizee,UCtM58H2QaTXTi7OIRAVgAGg,Visit Channel,2,Yes,,Dave
Cian Abion,UCTMd5fOTWCvvUzZJmU4u8sg,Visit Channel,2,Yes,,Dave
JJ's Journey,UCtNK-R1uX4hKBYU-GM54gHQ,Visit Channel,3,Yes,,Dave
Chris Urbano,UCtOXruSampZT4DrPsnuz7AA,Visit Channel,3,Yes,,Dave
Short King Vlogs,UCTrAdQJ_Uyg5mbottTCZVPQ,Visit Channel,2,Yes,,Dave
Russian Boy,UCTrp1gkrbzase5fzlAFGtPg,Visit Channel,2,Yes,,Dave
NoFear_LifeStyle,UCTtxTOpvEj0E3YAFGfiCOsQ,Visit Channel,7,Yes,,Dave
Featuring Big Brotha,UCU_S44_TIjz61VjYLbuWutQ,Visit Channel,2,Yes,,Dave
Jeanelleats,UCU03NklypYW1AAIoNE2Vh1g,Visit Channel,4,Yes,,Dave
TK Top Travel,UCu2VsQol474IboUn1DHIoqA,Visit Channel,2,Yes,,Dave
ùíåùíäùíïùíïùíö&ùíîùíâùíÇùíìùíåùíö,UCu36inZKKSOsY9qdjMATygg,Visit Channel,2,No,,Dave
MJ at Virginia,UCU5Ax0Inw5uYq5P3tVVIwFg,Visit Channel,2,Yes,,Dave
Lost Knox,UCu69sXEA647BkACmLf1Zh7A,Visit Channel,2,Yes,,Dave
AceBachelorCool,UCU78xbApo9_MCzS7B_tfY8w,Visit Channel,4,Yes,,Dave
„ÄåYUKISHA_SEYOO„Äç,UCU8FP4y4bul5fZPnXSqHrKw,Visit Channel,2,Yes,,Dave
Pirate Cove Philippines,UCUb_Ryp4MZHWnsTOVTA3txA,Visit Channel,2,Yes,,Dave
Combat Arms Channel,UCUB6A2YY9soreMGNwDLh-zw,Visit Channel,5,Yes,,Dave
RELL üï∫üèΩ,UCuBgQMllxvxKLuABHZlV5KA,Visit Channel,9,Yes,,Dave
POPKORN,UCuEd8gRMuOJKYAqCRfQoBKw,Visit Channel,2,Yes,,Dave
Hypebits TV,UCuEZGP5cGZkPqVqU6LBF4aQ,Visit Channel,6,No,,Dave
Chika Blockbuster,UCUF2pX2Tein3t__JDUXlt6Q,Visit Channel,6,No,,Dave
Robyn Kimberly,UCUI4T7riAxLPSV4htxMFLqw,Visit Channel,3,Yes,,Dave
biggy travels,UCUk8aRBVog6G9ipBSN_Ow1g,Visit Channel,4,Yes,,Dave
Tazzz N Philly,UCuMF9paEZU8RWv9YXd6-rlA,Visit Channel,2,No,,Dave
INTERVIEWS AROUND THE WORLD,UCuQn8TDdvfdx6vtkvf3ZfeA,Visit Channel,4,No,,Dave
papah!,UCuqo67tPvKT_wua8tYUo38g,Visit Channel,4,Yes,,Dave
Ali Yui ClubÔΩúFilipino Japanese couple,UCUQPGGBkluwPMxRyY8n1DWQ,Visit Channel,12,Yes,,Dave
Making it happen Vlog,UCuS5fmeEDpnW5JPMdRhGm7A,Visit Channel,74,Yes,,Dave
Jeevan,UCuVEvEzDJORUxstVLfql4oA,Visit Channel,2,Yes,,Dave
Juwonee,UCuWBv9w0mYhXv-I_1fSaYSA,Visit Channel,5,Yes,,Dave
Justin Burke,UCUyDpu18SLNxJxMjJKFbNOA,Visit Channel,24,Yes,,Dave
‚óì ·¥Ä ü·¥¢…™·¥Ö·¥Ä…¥_…™…¥·¥Ö·¥è…¥·¥ás…™·¥Ä,UCuZablyHnz3iR1ychaI_c3w,Visit Channel,4,Yes,,Dave
The Black Filipino TV,UCV34zLTn4A60jS8RTI96_sw,Visit Channel,5,Yes,,Dave
·•´·≠° K√£w√¶√¨√≠‚Äì√±√´k≈ì9 ·•´·≠°,UCV70R5lkhLuUgwrhWUfbsNw,Visit Channel,4,No,,Dave
Just be free,UCV9l2OvfTRuRaCpewolcAww,Visit Channel,2,Yes,,Dave
YouTube Movies,UCvA3GAB2wtYbCOTn4aFYX_w,Visit Channel,4,No,,Faith
Justin Roque,UCVa6ozIskHiTXeTBV4Z9SUw,Visit Channel,2,Yes,,Faith
Island Media Asia,UCVBn2I55zk8ToyfbK-4l0EQ,Visit Channel,2,Yes,,Faith
Magic Studioz,UCVDibkjAbhel4ilMYL3-hxQ,Visit Channel,3,Yes,,Faith
Nephi Acaling,UCVdRiM-cMZEUBEYxV-cRKXg,Visit Channel,2,Yes,,Faith
Maman Sudirman,UCVeI0cfcnZoIskW-cEyufMg,Visit Channel,2,Yes,,Faith
Roaming Hogan,UCVfF2cBhyatGQc_BcjSZ-_Q,Visit Channel,2,Yes,,Faith
Kenny style,UCvFvKJVX-IZqht8rgNc3gNg,Visit Channel,3,Yes,,Faith
chatherine alex,UCVGkH1_CIfauwuHRDhdPqQA,Visit Channel,2,Yes,,Faith
BORBON TV,UCVhn39jQTNi4eryLqVmaB7Q,Visit Channel,2,No,This account has been terminated because we received multiple third-party claims of copyright infringement regarding material the user posted.,Faith
ANC 24/7,UCvi6hEzLM-Z_unKPSuuzKvg,Visit Channel,2,No,,Faith
The Ahern Family,UCvIgYVKzRbxEBoxsSXoR8rw,Visit Channel,3,Yes,,Faith
Ting The Ordinary Filipina,UCvijIEndhzegAx4Ikivq3dQ,Visit Channel,2,No,,Faith
The Ash Family - Filipino-American Family,UCvmlV6FcxD9maTM_oPX-5Mg,Visit Channel,3,No,,Faith
Purple Twins,UCvOxZARbKQLR4WB59oyq45g,Visit Channel,50,Yes,,Faith
Rice Squad,UCvpAuunAEsJSaJRnq7iX4jA,Visit Channel,6,Yes,,Faith
Just Jonny & Chloe,UCVR42zazbJZLL4r2Lo8PqRg,Visit Channel,2,Yes,,Faith
INQUIRER.net,UCvRAX-ujvZ0eTMLGG2vki9w,Visit Channel,2,No,news in ph,Faith
Max & Sujy Îß•Ïä§ÏôÄ ÏàòÏßÄ,UCvsb2dwX9pL-_QX8blpQ_Ag,Visit Channel,7,Yes,,Faith
Small Town PH,UCvsg9Mg-C1cZ3VmuP-9et2w,Visit Channel,3,No,,Faith
Dabble and Travel,UCVv-y0k91qAA-uI_K46UBvg,Visit Channel,25,Yes,,Faith
Autumn Van Ry,UCvvuvmBzcnRpfQDboWcpJWw,Visit Channel,4,No,,Faith
Mirco Tere & Bella,UCVWSmD7gyvZv7fpcgF-oiCQ,Visit Channel,9,Yes,,Faith
Juli√£o Cardoso,UCvwW997hUgPd--q1MVQgptw,Visit Channel,3,No,,Faith
Passport Dude,UCVZOpEN0cQ_kh14wErI2sDw,Visit Channel,2,No,,Faith
Mariah and Bill,UCW0ulUd4BZY4k_vHqLFWTuw,Visit Channel,2,Yes,,Faith
Lucas and Marcus,UCwD4x63A9KC7Si2RuSfg-SA,Visit Channel,2,Yes,,Faith
USA to Philippines Life,UCWfAvyQaYPPfm3S0cTcbyag,Visit Channel,2,Yes,,Faith
Backpacking Gals,UCWFMGU8jwnfnkHOtWgCUmKA,Visit Channel,3,Yes,,Faith
Charles & Alyssa Forever,UCWGcbY5JBzcUenFwl4A1eNw,Visit Channel,2,Yes,,Faith
Philippine  life with Janet,UCWgScb7sVo7b0lOEoptHQHQ,Visit Channel,2,No,,Faith
The Garcia Family,UCWjSwkIn2gGgETcZZYaO-6g,Visit Channel,37,Yes,,Faith
BEYONDLOCALGODDESSES,UCwjWUUCiv_TPoErI9AZv6Lg,Visit Channel,6,Yes,,Faith
Steven Banamu,UCWk9ho4wXA43KZvxE58WSXg,Visit Channel,4,Yes,,Faith
Marco Roams,UCWkguf2p-KFU5uE7iXJuj5g,Visit Channel,3,Yes,,Faith
Global Talent World,UCWKuPZzOlGUDUT4GpIwJnhQ,Visit Channel,2,Yes,,Faith
James Bok,UCwM5tNdLcFiDwMplUUI3efg,Visit Channel,3,Yes,,Faith
Gracejon Filipina lifestyle,UCWmjG_iL6dNUWTUtquYMLQA,Visit Channel,4,Yes,,Faith
Pocket Films,UCWnTC8o8AycL6a2eRrKSdBg,Visit Channel,2,No,,Faith
OPM Channel,UCwsqTMolm3mSpcQHQh2CJNA,Visit Channel,2,No,,Faith
Rohit reaction,UCwuEqFlIeT4UusonWCXMZ_Q,Visit Channel,4,No,,Faith
Glasses Kingdom,UCwvenK2H-fNo4uUE7SRJL9g,Visit Channel,2,Yes,,Faith
Albert and Cynthia,UCWVIvqrVFchoKn7SNWNQCLw,Visit Channel,4,Yes,,Faith
Every Man Has a Story,UCwVVQkHRtW14nqj5dh-QPgg,Visit Channel,2,No,,Faith
Valkyrae,UCWxlUwW9BgGISaakjGM37aw,Visit Channel,2,Yes,,Faith
The Philippines Truth,UCx_PF02mkBQ_rT8_fUfh5xw,Visit Channel,3,Yes,,Faith
Top 10 of Everything,UCX65YVbGZq5iQdZghk2-_EA,Visit Channel,2,Yes,,Faith
Cowsep Mobile Legends,UCx9c2yaN404tcZx6ILLGWiw,Visit Channel,3,Yes,,Faith
Vikachka & Eugene,UCX9TowVN7dt9OcrNq9idSSg,Visit Channel,3,Yes,,Faith
Amir Malik,UCXA_2sDtNRf0vpNp_RZ3kqg,Visit Channel,2,Yes,,Faith
Kenn Cordero,UCxAVp60rgKv6yNI-L0oxeWQ,Visit Channel,3,Yes,,Faith
Danny Rayes,UCxB7jMnHekMzHsOl9iZpXrA,Visit Channel,3,No,,Faith
Justin & Alina,UCxBWeubuZrc8sQE_bXytgUQ,Visit Channel,13,Yes,,Faith
Phoenix Studio,UCXCcmKaB_pwWbop5LJM_kpA,Visit Channel,2,Yes,,Faith
Mabuhay Life Adventures,UCxGP9pIiALg9qxZ3Q5hgPIw,Visit Channel,2,Yes,,Faith
Rita and Pedro,UCxGWrltVGIR3kAK2VsEvc_Q,Visit Channel,2,Yes,,Faith
Jennifer Terri,UCxHH6fo_k6IGJDChtlTdNpw,Visit Channel,10,Yes,,Faith
MontWRLD,UCXisjO3r0KC_Vh-PWwPTbBA,Visit Channel,8,Yes,,Faith
T HUBS 22,UCxKN5z9rc4DlZ-7gI7mHKFg,Visit Channel,2,Yes,,Faith
Philnews Ph,UCXLaplnfekQMfAyxECZfolg,Visit Channel,4,No,news channel in ph,Faith
Chris Wang,UCXMhhPrd6R3riawJuEzVSkw,Visit Channel,4,Yes,,Faith
Strictly Dumpling,UCXOKEdfOFxsHO_-Su3K8SHg,Visit Channel,2,Yes,,Faith
Indian Reaction { ARSLAN },UCxTOjY6It9TWJwWbclmp5mg,Visit Channel,3,Yes,,Faith
KingSchratz,UCXuyB2hyb2rw9-Arn8fBAgw,Visit Channel,3,Yes,,Faith
Kristypata,UCXV-Jt3UPJPstvLVx6A1Z7Q,Visit Channel,4,Yes,,Faith
"See Forever - Secret to Living, Longer & Healthier",UCXV2neUSdYDZ7aE9JAY3OOQ,Visit Channel,5,No,,Faith
Pinoy Gamers React,UCXX5ZeFTpjyNPdTdT8sqDlQ,Visit Channel,2,No,,Faith
Lost and Jetlagged,UCxXBZJLc5qGH8xXqbviQ2hQ,Visit Channel,3,Yes,,Faith
NotJeffandSonia,UCXXlfcu-12obaE62wSEgazw,Visit Channel,2,Yes,,Faith
Dream Team Neal,UCY_pzKuHEMsWcfzSDwvSU5A,Visit Channel,3,No,,Faith
YouTube React - ytreact,UCY34lthm09Al2f6BULI3dkQ,Visit Channel,2,Yes,,Faith
Nellyslife,UCy9L3Ym1fZqmdaToxy9HsbQ,Visit Channel,3,Yes,,Faith
The Hutchinsons,UCYC6B6DMhDUTQQrwgD0CwOw,Visit Channel,5,Yes,,Faith
LaterTofuEats,UCye4j_cBvIj3GdIlkDZKOGw,Visit Channel,3,Yes,,Faith
Mark Wiens,UCyEd6QBSgat5kkC6svyjudA,Visit Channel,5,Yes,,Faith
The World According To Jason,UCYEjj738dusPO4hh2hLfLBQ,Visit Channel,2,Yes,,Faith
Akina,UCYKRagH3Wh5SqY39EL8wRWw,Visit Channel,2,Yes,,Faith
Lazer dos cria,UCYLTF_WZRI117J8TGOOfrdA,Visit Channel,3,No,,Faith
Ivana Alawi,UCypeLkg3Ne5-LIyiB41b1GQ,Visit Channel,3,No,filipino content creator based in ph,Faith
JUICY REACTS,UCYr4VTQfBpXrccQw_H2S8RA,Visit Channel,32,Yes,,Faith
Fernando and Vanessa,UCytsMf3mG13YZK9pDjw8yqg,Visit Channel,41,Yes,,Faith
lucky doyun channel,UCYVEmKA1m5Y6TiErpVv1RnQ,Visit Channel,5,Yes,,Faith
Revive Music,UCYXIviXPAaaaU_AOotpXTAw,Visit Channel,2,No,,Faith
Adventures in America,UCyXSgGAZ1eBSri9-0lLnLLg,Visit Channel,4,Yes,,Faith
The Juicy Vlog,UCYY2mNcq7pv6IRW92JIT6DA,Visit Channel,26,Yes,,Faith
MSA previously My Story Animated,UCYzEMRKqrh01-tauv7MYyVQ,Visit Channel,5,No,,Faith
uncultured,UCZ-5uY71p3Xt9YelLWBqRiQ,Visit Channel,30,Yes,,Faith
Abeeha Fatima,UCZ3S5KaxMobISOxG9NNvFpA,Visit Channel,4,No,,Faith
Mikey Bustos,UCZ7Cxp6r5JMhpSrIETCXzdQ,Visit Channel,6,Yes,,Faith
Firstpost,UCz8QaiQxApLq8sLNcszYyJw,Visit Channel,3,Yes,,Faith
Travelling Yearbook,UCZemRLjTG7_Iz1O5mYOTv5w,Visit Channel,2,Yes,,Faith
FinnSnow,UCzfEqx1_-zs2xUUzI3jVRSg,Visit Channel,19,Yes,,Faith
MiniminterClips,UCzfVmyl18x2TTaWp0d5rBNQ,Visit Channel,2,Yes,,Faith
D&J REACT,UCZfYUKBwN396zj6I3DA2k0A,Visit Channel,8,Yes,,Faith
Q M A,UCzGHLrxKX84ASFw4VtC0dWQ,Visit Channel,2,No,,Faith
Solem Vlogs,UCzIA1qk2ICPT20VydqqAo8g,Visit Channel,4,Yes,,Faith
Shev and Dev,UCzjxQJtI4GqGaBwFagqv1AQ,Visit Channel,4,Yes,,Faith
Filipina Petite,UCzLY1mM_li78EGhtDztNt8Q,Visit Channel,4,Yes,,Faith
One React PH,UCZWDbOnu7B96T4_ERsKcbDA,Visit Channel,2,No,,Faith
Simple Street Interview,UCzx36kqBqXsl6kSEkpQbwCw,Visit Channel,5,Yes,,Faith
Nephi Axe,UCzXlnLhH9pVf9EC4jU_VgrQ,Visit Channel,2,Yes,,Faith
Overflow TV #InspireAndShare,UCZxWAedRNaokJl7OlYgv5jA,Visit Channel,2,No,,Faith