Channel Title,Channel Id,videoCount,Vote1,Vote2,Vote3,Vote4,Vote5,Pinoybaiting
Celinka Updates,UC_2iPQwn_V2SflddzbtalLg,3,Yes,Yes,Yes,Yes,Yes,yes
Knox Hill,UC_62jYuKq0O-K66pjrK5jhQ,2,No,No,No,No,No,no
Joel Hansen,UC_9I8ulL_v4SvsXwiVKlzqw,2,No,No,Yes,No,No,no
SB19VEVO,UC_d42bAA6Cb0XC3n-N-j60w,4,Yes,No,No,No,No,no
Fearless & Far,UC_DmOS_FBvO4H27U7X0OtRg,2,No,Yes,Yes,Yes,Yes,yes
Merryjuj,UC_nGEYgqzTuyFbHCZELMC2w,40,Yes,Yes,Yes,Yes,Yes,yes
Bandai Namco Entertainment America,UC_ntXHv-XdKCD7CPynVvnQw,2,No,No,No,No,No,no
Our Philippine Journey,UC_w5Uck2H8HDd1WgBuESB-w,3,Yes,Yes,Yes,Yes,Yes,yes
Isaac & Andrea Vlogs,UC_YHP03qQytjAfBK6tFcnew,4,No,Yes,Yes,Yes,Yes,yes
zaikology,UC-0_V4naPnf3d1z1nCzb95Q,2,No,No,No,No,No,no
Filipino Czech family,UC-0XZzV9y16bKIuWb4qWkCg,2,Yes,Yes,Yes,Yes,No,yes
Classic Songs,UC-BbHGSJdmh0iXbnfgzE9FA,2,No,No,No,No,No,no
Fr. Jowel Jomarsus Gatus,UC-BiW9G1BsJV1pm7pA5zc2g,2,No,No,No,No,No,no
IFCGuam,UC-BKXdCFnPmTpljrxxYu7dQ,2,Yes,Yes,Yes,Yes,Yes,yes
Lazisoo,UC-Cf5_vTOtmN8tkR3Bs_TSg,7,Yes,Yes,Yes,Yes,Yes,yes
Amazing Philippines,UC-jq_OD2e2xIcm5RdTrBcNg,3,Yes,Yes,Yes,Yes,No,yes
Yuki Japan (Binisaya ni Yuki),UC-mJgTt3Du5tZIfcCO3vX-Q,2,Yes,Yes,Yes,Yes,Yes,yes
Rare Soul Worldwide,UC-VUzVsTFTXMU7aSf-lEsiA,7,No,Yes,Yes,Yes,Yes,yes
Alex Oh Reacts,UC-wdvwNBuVobJRbISwjA5Hw,4,No,Yes,Yes,Yes,No,yes
Big Guy Appetite,UC-wNjA3exMjeJlEU5TvJ4Tw,7,Yes,Yes,Yes,Yes,Yes,yes
KATCHUP,UC-YjZCIxGE1Al-I2rGTukyA,2,No,No,Yes,No,No,no
Antonius Agus Sirait Official,UC-Z31ZpHeyIPus-cYtFwOiQ,2,No,No,No,No,No,no
Savory Stories,UC-ZBaZ53_4a9DU0HM0T2hyg,2,Yes,Yes,Yes,Yes,Yes,yes
Throga - Vocal Gym,UC01j-4Q2TUyppuhNJ7pnWdA,3,No,No,No,No,No,no
Team CorGi,UC0EQSC9tQA40qM-x9bRj67A,3,Yes,Yes,Yes,Yes,No,yes
IdkSterling,UC0GbKJaeEN9k5CG1NLbN6Ow,14,No,No,No,No,No,no
Melanie Reacts,UC0iTpbJzi9n8Vj3tvPj9aAA,3,No,Yes,No,Yes,No,no
TheJavierLifestyle,UC0kn28AeYnmyMi4iAUIrgiQ,2,Yes,Yes,Yes,Yes,No,yes
EVN REAX,UC0lLKwsajj4Q1EA13ogAJRA,2,Yes,Yes,Yes,Yes,No,yes
Cherry Road,UC0Nr_aAgnVthiy8PJx_tNoQ,2,No,No,No,No,No,no
The Wineding Down Podcast,UC0p8-e3hIdkP4F09hQc1Uow,4,Yes,Yes,Yes,Yes,No,yes
Best Food Around The World,UC16kz8vocutCqYmEoZijW6w,5,No,Yes,No,No,Yes,no
Filipina and the Foreigner,UC17Jl7wAhdRU4Nbd-CO636w,3,Yes,Yes,Yes,Yes,No,yes
Visual_mode,UC1FVueCEU5ORLkWyRpEN0dQ,11,No,Yes,Yes,Yes,No,yes
JinLiaTV,UC1GTMB1_PJjh8ddEzQB8HPA,3,No,No,No,No,No,no
Allen Relevo,UC1LlKAwycO8TjYKJIQo2QZA,3,Yes,Yes,No,Yes,No,yes
The Philippines Project,UC1MNjDRpoEsl_tiogaRYt1A,2,Yes,Yes,Yes,Yes,No,yes
Challys Journey,UC1OKXpUlKSN4smvMssu7UBg,10,No,Yes,Yes,Yes,No,yes
Flying Kell,UC1PwIaB8KklVK5iZqbtZErA,12,Yes,Yes,Yes,Yes,Yes,yes
Dr Laway,UC1Uvuror_cl9cRcl3h8QhSg,2,Yes,Yes,Yes,Yes,Yes,yes
AlixGrace,UC1Vtf3OTZatknIne-a-5LKg,4,Yes,Yes,Yes,Yes,Yes,yes
Zeta‚Äôs Momma and Dada,UC1WRWKFPce0M6elipGZ8eMg,2,Yes,Yes,Yes,Yes,No,yes
Asian Boss,UC2-_WWPT_124iN6jiym4fOw,4,No,No,Yes,No,No,no
JSB PINAY VLOGS,UC211QaCtk9p37_-cvtN3kxg,4,Yes,Yes,Yes,Yes,Yes,yes
C Pas,UC23dOMkDdz7LJF34Ui3goJA,7,Yes,Yes,No,No,No,no
123JAPAN!,UC23SG4XKkSrbhz-bZ2f5Mfw,32,Yes,Yes,Yes,Yes,Yes,yes
Rob Wanders,UC24QUYgHDRVPq-CqzDAXDcQ,4,Yes,Yes,Yes,Yes,Yes,yes
Lifey,UC25HBOBYfc-scqCQcyYKVNw,7,No,Yes,Yes,Yes,Yes,yes
1997meggers,UC2bhD7AMh9a9uwz9_0JZZWw,2,No,No,No,No,No,no
Almost Polyglot,UC2dqBC-sMDS2d6RYlcihEmw,2,No,Yes,Yes,Yes,No,yes
Yo!,UC2fOfXH87lynFQkzRcYEQ4A,8,No,Yes,No,No,No,no
Namastejuli,UC2gZh8iGgLI7xLkxaoMkKSg,2,No,No,No,No,No,no
aeradits,UC2H2SMSG36AfDNYyJK0waNg,2,Yes,No,No,No,No,no
jen!,UC2JUkXLai3HvvaA9kMZhAgw,2,Yes,No,No,No,No,no
AKOSI DOGIE,UC2LB3AyQ4q2rAk5x1HDDT0g,4,No,No,No,No,No,no
Marker 44,UC2V7XAqnvbIKmlox8FEMkvA,5,Yes,Yes,Yes,Yes,Yes,yes
Î∞±Îã§ÎãàÏóò DANIEL BAEK,UC2v9vlHZFQyU_K5OkbUlrmQ,3,No,Yes,Yes,Yes,Yes,yes
The YUH Family,UC2wTnMBvQ_TH0qn5rJl8hWQ,3,No,Yes,Yes,Yes,Yes,yes
Korean Filipino Jobs,UC2xFAIV5shzGSzX-F2J_1QA,11,Yes,Yes,Yes,Yes,Yes,yes
Buci Bonita,UC2xL9lM-JAxfDKdq6v1FOeQ,2,Yes,Yes,No,Yes,No,yes
Alwin GC,UC2YV9DGG7kN7mSeuQqD5QHA,7,No,Yes,Yes,Yes,Yes,yes
angelina,UC3Bo_vNWEEIOHj4vR7_d8uw,4,No,No,No,No,No,no
Ivana Perkovic,UC3cQWF3e0qcIDEBzCzqp_SQ,2,No,No,Yes,No,Yes,no
Steve Yalo,UC3hNYaWQYd_kGo2rKAGQPYQ,4,No,Yes,Yes,Yes,Yes,yes
OPLOX TV,UC3i-WTPAoJuEx9r-6HCWvkQ,2,Yes,Yes,Yes,Yes,No,yes
Yuru Philippines,UC3II306xUqkWJjTjQ39VMgw,3,Yes,Yes,No,Yes,Yes,yes
PAIR OF SOULS,UC3lpA2TVsu_2qKsPlw6FctQ,3,Yes,Yes,Yes,Yes,Yes,yes
BUBS & DOE,UC3N6Rrx3eTcJ4A5QRs2WRHw,5,No,No,Yes,Yes,Yes,no
Hey Joe,UC3V5_2DFqamGSrzYPg-Wggw,5,Yes,Yes,Yes,Yes,Yes,yes
Awesome world Ïñ¥Ïç∏ÏõîÎìú,UC3XwA9aaZdWfojyo9wKaFtw,8,No,No,No,Yes,No,no
Dwaine Woolley,UC3ZnKcjVu7GszgdBe4uRZ3A,11,Yes,Yes,Yes,Yes,Yes,yes
KaMangyan Vlogs Official,UC44SxOIVelJ7KjqmvJmde9A,2,No,No,No,No,No,no
OPM Tagalog Music,UC49ACYnKFIZB3RBJ0682MMw,5,No,No,No,No,No,no
C&N Podcast,UC4BLZTtlj1hasWQ1HqJ1ppQ,3,No,No,Yes,Yes,Yes,no
ALAN 5751,UC4bY8VfE_aLXKN8VUPYVu8Q,2,No,No,Yes,No,No,no
Our Philippines' Adventures,UC4K-p09jBTGH-nvqj-UqELQ,5,Yes,Yes,Yes,Yes,Yes,yes
Owl of Asia,UC4r6JBPiafpR2J7L_-KRM0Q,4,Yes,Yes,Yes,Yes,No,yes
OSSC,UC4rh5RVSMT00G29ySkkt1hg,26,No,No,No,No,No,no
GKD LABELS,UC4S7Ca53tVPuNQhAJKxzlzw,56,Yes,Yes,Yes,Yes,Yes,yes
Irene_Eneri,UC4ypznkS1QNOSTxLOScKG6A,3,Yes,Yes,Yes,Yes,No,yes
Oskar and Dan,UC56wC_xI1tobDsh0PhIG5Ow,2,No,No,Yes,No,No,no
MPL Philippines,UC5ASeit2rM3taMSUChv9tNA,8,No,No,No,No,No,no
Siobal D,UC5iqmxuLMWeWcXF5FtE_iZA,2,No,Yes,No,Yes,No,no
Snipe Gaming TV,UC5lxfy3BVWiaUw5BAf0VINw,13,No,No,No,No,No,no
Righteous Robot,UC5qFBTCSYO6Pc69bZk9CmfQ,4,No,Yes,No,No,No,no
The Sunbae Club,UC5srj0Tgfq-FuFyk9HFl0Rw,76,Yes,Yes,Yes,Yes,Yes,yes
The Music Recording Network,UC5TtuPafJIA-EBjDbjiUoFg,2,No,No,Yes,Yes,No,no
Smash Japanese,UC5xYepDyTWLh7QVgouUaCpA,4,No,No,No,Yes,Yes,no
Farhan Jahan,UC5yhpjeZYcuSLqeOdHLxnzg,9,No,No,No,No,No,no
The Sound Of The Philippines - bellapuhon,UC5zl9CnWhbwUBbPaqsWeyGw,2,Yes,Yes,Yes,Yes,Yes,yes
Yad Ventures,UC6_2wj3vR_j5EiqB-hZ7BUA,3,Yes,Yes,Yes,Yes,Yes,yes
BOLJUG,UC6-T5O6sH1TW93lcEhbueMQ,2,No,No,No,No,No,no
esportstvid,UC615Ng78VDeJgETIfVnH8rw,4,No,No,No,No,No,no
Anime - chan,UC6h-IgI3Dzx7nxCHaCfXl_g,2,No,No,No,No,No,no
Handa Studio Philippines,UC6i-b_82Fu9hCcgVnJEuV-Q,204,Yes,Yes,Yes,Yes,Yes,yes
Emy & Johan in the Philippines,UC6I1pNKRkHzFQhjxH83uaQg,5,Yes,Yes,Yes,Yes,Yes,yes
CorruptedKitsune,UC6k-25L3zChu75D9uYmfiHQ,2,No,No,Yes,No,No,no
Meljean Solon,UC6tfBpIVlXZehYg6mvV-qWg,4,Yes,No,Yes,Yes,No,yes
Jiaoying Summers,UC6tI7PwweyR3TQlsMTR1zWg,4,No,No,Yes,No,No,no
Zoe&Czar,UC6tqkWOGlN6zJDcnJvYkaMQ,4,Yes,Yes,Yes,Yes,Yes,yes
Jelena Kopilec,UC6tTTsFKifxEhOIMI2HtLeQ,9,Yes,Yes,Yes,Yes,Yes,yes
Kuya Alp,UC6uatVhsxPKbRVBuxF4NDtg,2,No,No,Yes,No,Yes,no
Richards Infinity,UC6WCc8tJw_9zU9HZ9mNpmBw,2,Yes,Yes,Yes,Yes,Yes,yes
The Rage and The Worst,UC6wVxQeATe3O2XaANCjWFGA,5,Yes,Yes,Yes,Yes,Yes,yes
Travel with Balnur,UC7A7na9vLPoBUKmpnAYFLew,4,No,No,Yes,Yes,Yes,no
SecretLifeofLauren,UC7AB80x51RwhxZpJmIUQiZQ,3,Yes,Yes,Yes,Yes,Yes,yes
Field of Visions,UC7bjjCXpXx41KriftaL6Biw,3,Yes,Yes,Yes,Yes,Yes,yes
Entertainment News Portal,UC7eXEhp_3MZI_s1CoZBrJyA,2,No,No,No,No,No,no
Bisayang Hilaw,UC7fga_Kycp9z6pg5Yhx7R-w,7,Yes,Yes,Yes,Yes,Yes,yes
VI3ION,UC7HxIb6bY4-ymtAOS_MGsOw,31,Yes,Yes,Yes,Yes,Yes,yes
MJoy4Fun,UC7iWbxJXZmhLy8_xYzAjHgA,3,No,No,No,No,No,no
rukia dagtan,UC7Kwbh0a4D4mJUfMYyaQnsQ,2,No,No,Yes,Yes,No,no
Mykoreandic,UC7QpulteHAxk4S1AASzCjvw,3,No,No,Yes,No,No,no
World Friends,UC7QteRlErpm27bkZ6izFwKg,2,No,No,No,No,No,no
More Travels w/ Drew Binsky,UC7xP-m9hfVmFqNLaKGgIlzA,2,No,No,Yes,Yes,No,no
PINAY AFAM TVüá¶üá∫,UC7yK84cgpIy9iRjk1uoM8WA,6,Yes,Yes,Yes,Yes,No,yes
Two Between | Sarah and Seunghyun,UC82Q2jylxM5jMmnK4SEb8pA,2,No,No,Yes,No,No,no
Harry Jaggard,UC8fwExOkHg0_fX_XJcR31NA,3,Yes,Yes,Yes,Yes,Yes,yes
FoodieMommaPH,UC8hiiGm6GTyTVvO-LtZ2Xmw,2,Yes,Yes,Yes,Yes,No,yes
PRINCESS CHRISTY üíï,UC8lYYEeIHHY9sCTGik4s06g,4,No,No,Yes,No,No,no
FosteringMusic,UC8nzqHSHqZb7oLaG3YTqy-g,2,No,No,Yes,No,Yes,no
Reidy Ventures,UC8OLrmcJnZWAZpH8fpyEChg,2,No,Yes,Yes,Yes,Yes,yes
HORI7ON PH,UC8ox5YnSUPlm1q-_yiqxfCA,4,No,No,No,No,No,no
Emirates Loves Philippines,UC8qBrdamqYihT_xWo-zyo-A,2,No,Yes,Yes,Yes,No,yes
McJhony,UC8rc4LEymAfWQMx1diQlaXA,9,No,Yes,No,No,No,no
Pamilya Abilla,UC8rEUBRN_jolCH0MqEc2_HA,2,Yes,No,Yes,Yes,No,yes
Go With Ali,UC8S3gQ0LjFLx4cFrzBXytrw,10,No,Yes,Yes,Yes,Yes,yes
Province Smile,UC8u9rhEMQ1dN4nUW9hLS21g,2,Yes,Yes,Yes,Yes,Yes,yes
Two Broskis,UC94bSvWltDS6I0U_u7mn8VQ,8,Yes,Yes,Yes,Yes,Yes,yes
Anne Today,UC96SVjbFTRkUQ_wyeKBeN6g,2,No,No,Yes,Yes,No,no
Cousin Blaisee,UC96vBf9-fNyC5O8m8l_OKZg,3,Yes,Yes,Yes,Yes,No,yes
fanny_video51,UC990V0wlxyg06P4T3nVXZzA,3,No,No,No,No,No,no
FUNG BROS.,UC9avFXTdbSo5ATvzTRnAVFg,3,Yes,No,Yes,No,No,no
Aaron Around,UC9DwgmJc-uKnxGavukOy_6w,2,Yes,Yes,Yes,Yes,Yes,yes
Ultimate Gacha Wolf PH,UC9F5_fWffejgUZixVyfwo1Q,3,No,No,No,No,No,no
Warographics,UC9h8BDcXwkhZtnqoQJ7PggA,2,No,No,No,No,No,no
Jorden Tually,UC9hCQoT-VY7vVRaC62WJOJw,3,No,No,Yes,No,No,no
Jun's Life in the Philippines,UC9HiNy95qeyWUarzHO9sk8A,4,No,Yes,Yes,Yes,No,yes
Happiness Crossing,UC9jKcnqQ1TziJRAkSXbNISA,5,Yes,Yes,Yes,Yes,No,yes
DRHOBS,UC9oT9kTjh7_rcS0Ld9LOETw,2,No,No,No,No,No,no
Anthony & Ana,UC9RfFnZa7EPPkxb3hX32rFA,4,No,No,Yes,No,Yes,no
Illustrado Magazine,UC9YWmmRmSvug3HYYnq2dcqw,2,No,Yes,Yes,Yes,Yes,yes
Martin Solhaugen,UCa__kMdkhFJvXcx1WALJ3hg,2,Yes,Yes,Yes,Yes,No,yes
Music Hot,UCa2pFBgiwFvH9XNCasfxHiw,3,No,No,No,No,No,no
Casal Louco e Sonhador,UCA4GyKGfPWFjscpBSgDCh1g,4,No,No,No,No,No,no
Vocal Lab Collective,UCa9GyTms1Kyve7Pyj3i-Vnw,6,No,No,Yes,No,Yes,no
RT TV,UCa9T0y46uK5FzJT-8tLBFeQ,3,No,No,Yes,No,No,no
DORCAS Morounmubo,UCaAjLj9oGV6VKMYq8FxEwdQ,16,Yes,Yes,Yes,Yes,Yes,yes
GSM10,UCaEojWHVRqEG8JtPQOtKurA,2,No,No,Yes,Yes,Yes,no
BL Lover üè≥‚Äçüåà,UCaFcgopQe6kmZ3wDHgOyjdQ,3,No,No,No,No,No,no
Ammar,UCaFhs6xTFwNK8J8XGM6yRiQ,4,No,Yes,Yes,Yes,Yes,yes
A British Expat In The Philippines,UCAk9RQwVhfirnwxn_hKVBAA,2,Yes,Yes,Yes,Yes,No,yes
RURUSAMA TV,UCalFWSVu4ODyVua9crUUIcA,2,No,No,Yes,No,No,no
Samantha Lisa,UCam1q_TN5QauJdk07T0bteA,6,No,Yes,Yes,Yes,Yes,yes
KarissaEats,UCamdvUq4-BoneYsHZt0Agrw,2,No,No,Yes,No,No,no
Tosa Dela Yaun,UCAn1xZqc_LzZc3D7DpcFcFw,2,No,No,No,No,No,no
It‚Äôs Me,UCaNjRBHCKnvqWKM22wg0ItA,2,Yes,Yes,Yes,Yes,No,yes
AnongSayoTv Cover,UCanpS1kLR6shtqkpx5H50VQ,6,No,No,No,No,No,no
KOCOWA TV,UCAqlxq4Bs9PjI86M9lM18TA,2,No,No,No,No,No,no
Leeman reacts,UCATEfq-fUMoK-zftoyppJqA,2,Yes,Yes,Yes,Yes,Yes,yes
Adventure Faktory,UCATIycLIXMeetRVO-XS4p7g,4,No,Yes,Yes,Yes,Yes,yes
The Content Junkies,UCau87M9DnzSL5iDE9f4uVKQ,10,Yes,Yes,Yes,Yes,Yes,yes
TriFate Geo,UCAUgY9e_n2DhyZTgvPRoJnQ,66,No,Yes,Yes,Yes,Yes,yes
Alpha F,UCaxaaz3CaYc8TN7crt_LvpA,3,Yes,Yes,Yes,Yes,Yes,yes
"CebuWomen,com",UCAxCIp9ngVqLFSDtX5o4LXw,3,Yes,Yes,Yes,Yes,Yes,yes
Nico Blitz,UCB8WyYjknn6apZL3HEuhxnQ,4,No,No,Yes,No,No,no
StarTalk Showbiz Authority,UCb9iY4lPCDLkVGl_jm4zriQ,4,No,No,No,No,No,no
Christian Esguerra,UCbaLl2xCXotxwcNXI5GM-wQ,2,No,No,No,No,No,no
King Sloth,UCbbRENB2CSVSp3cYv1gAzJg,4,No,No,Yes,Yes,Yes,no
Happiness Boms,UCbbw0svE3owMHUQcsL0nnUA,7,Yes,Yes,Yes,Yes,Yes,yes
JohnReavesLive,UCbcBmBTMsbLxYv-rOyPiRWw,3,Yes,No,Yes,No,No,no
2 French in Manila,UCBEzIEPpJnkdiB3yZ8V3JRg,2,Yes,Yes,Yes,Yes,Yes,yes
PurpleMochi,UCbGp7x9zWaKpX5huKA20QjA,2,No,No,No,No,No,no
Roger&Ismi Vlogs,UCBGxoGo28ZLJpQMML7jBKhw,5,No,Yes,No,Yes,No,no
Building the Philippines with Wilma & Greg,UCBhnGs1nD_ixIGWkJUYkfRQ,5,Yes,Yes,Yes,Yes,No,yes
Oppa Jinyong,UCBLepDOut_qiOetyDqLBmKw,6,Yes,Yes,Yes,Yes,Yes,yes
Gacha Czarina 08,UCBlv0_AQ1VrFEyZsAFEY-WQ,3,No,No,Yes,No,No,no
YouTube Movies,UCbP3Ho8dd1LrbROgg748XyA,4,No,No,No,No,No,no
laoshu505000,UCbRaUB7Hfe3clmKqqj8Nm1Q,2,No,No,Yes,No,No,no
ÍßÅùë∞ùíïùíõ ùë±ùíôùíéùíÇùíäùíÑùíâùíÇ_097ÍßÇ,UCbRJEFYkMU1x5quyvjP0L0Q,2,No,No,No,No,No,no
Cousins React PH,UCbS8LGW-p2mPuyLd4cF410Q,97,No,Yes,No,Yes,No,no
Life as a Bilingual in the Philippines,UCBtoYkb6b5TYfrhUnxEGj4g,2,No,No,Yes,No,No,no
_.ùòÖùòÜùòáùòÄüç∂,UCbVopsck2JnSOmkW0pvoqXw,2,No,No,No,No,No,no
DSReact,UCBW0DKGRqcpdU3gnAKlXhLA,3,No,No,No,Yes,No,no
Hashtag The Cannons,UCbZL-jnom9mBCqX2UeMcejA,2,No,No,Yes,No,No,no
Travels to Freedom,UCc_tHsTZ4yGhv4tI2Fwl-ow,4,No,No,No,No,Yes,no
Kuya Mike,UCC6aF7bgIEBnMJC2rV4XOmg,4,Yes,Yes,Yes,Yes,Yes,yes
Village People Philippines,UCCAh-tDKBja88N59E-KwL3g,4,No,Yes,Yes,Yes,No,yes
Travel Escapes,UCcaIZBgmiYTJP9fpO_xjMTQ,10,Yes,Yes,Yes,Yes,Yes,yes
Russian Pinoy ‚Äî Kuya Klim,UCCb-6a1Fakv4QzwC2c-3vAg,4,Yes,Yes,Yes,Yes,Yes,yes
ÍßÅ‚ô°œáŒπŒΩŒ±_œÅ–Ω‚ô°ÍßÇ,UCCdajzIqHasWDwIeyXbS5eg,2,No,No,No,No,No,no
Star Abelar,UCCDotW9D0t8a2b-wpJtuvHg,4,No,Yes,Yes,Yes,No,yes
Schnell Jordan Reactions,UCcEpD6eTjWQcm_nnnIgzfsA,2,No,No,Yes,No,Yes,no
LOKAL RAPPER PH,UCcEy2BmQIV4dJQUw3FJGfZg,3,No,No,No,No,No,no
Music Game News,UCCgVh36x3hbuRnHMpwl443Q,44,Yes,Yes,Yes,Yes,Yes,yes
"Jace, pumpwolfYT üéÉüê∫",UCChQ3JKPOy_cycV-PISh8jQ,2,No,No,No,No,No,no
Filipina Wanderer,UCCiMwFoldFIVyqm2ExCHoWg,3,Yes,Yes,Yes,Yes,No,yes
RL  SHEIK,UCcjzBEWzeHbvyIY88MHMoAA,2,Yes,No,No,No,No,no
Real Truth on Filipina and Philippines,UCCkq9dpbM_Z9MSjXsPuW7LA,5,No,No,No,No,No,no
JUDY FLORES,UCCqW89kkbLYRK912SLPsEmw,4,Yes,Yes,No,Yes,No,yes
Vincenzo's Plate,UCcsSowAamCLJv-xeF9geXoA,2,No,No,Yes,No,No,no
Danno Cal Drawings,UCCuZ0r9pDMI8DwhtRV1fNhg,5,No,No,No,No,No,no
Laughs.Alatte,UCd_-mekZnESWsyw8uEyh8lg,2,No,No,No,No,No,no
Joshi Santiago,UCd_e7PtLBcWocT4MvMuOwlw,2,No,No,No,No,No,no
TFC The Filipino Channel,UCD0vxQF1g6vwMDLtDqTz1SA,2,No,No,No,No,No,no
Bowzer‚Äôs reaction Pit,UCD58HBLhMozUsE6JwK3y10g,3,No,Yes,Yes,Yes,Yes,yes
RodVivKids Family Vlog Philippines üáµüá≠,UCdBpCFv_RTOOBrImOlPT97g,3,Yes,Yes,Yes,Yes,No,yes
Kumusta Philippines,UCdCcBT4F1nsVs46w3sG8Pjg,2,Yes,Yes,Yes,Yes,Yes,yes
jirohpages,UCdeGHJwtWJAcuC0VczkuV3Q,10,No,Yes,No,Yes,No,no
King Family Reacts,UCdF3Zbw_0Y4mSmpPbC7OlxQ,2,No,No,Yes,Yes,Yes,no
Wish 107.5,UCdfq8-581QVUtVsa8ChVnDQ,2,No,No,No,No,No,no
Asians Down Under,UCDikY0fBFXGCFA_0Fr2azYg,3,No,No,Yes,Yes,Yes,no
A Foreigner Escapes to the Philippines,UCDiZhoVoHJDx-R_LnfUxftw,2,Yes,Yes,Yes,Yes,Yes,yes
Shin Smith,UCdkq517IaeUcnG5CIiFX9RA,34,Yes,Yes,Yes,Yes,Yes,yes
Rappler,UCdnZdQxYXnbN4uWJg96oGxw,3,No,No,No,No,No,no
Tom from Texas,UCDnzN6Kr9DBlQB9ixKqt1Ng,7,No,Yes,Yes,Yes,Yes,yes
Cheat Day Around The World,UCDOuxZJhmfC69gX22nZ1loA,3,No,No,Yes,No,No,no
‚Ä¢…™·¥õ·¥¢ ·¥Öx·¥†…™‚Ä¢,UCDPDfPtPRLCr7---uNbX3Hg,2,No,No,No,No,No,no
RiVerse Live,UCDpsIpLA8hAguHdHrprC-sA,4,No,No,No,Yes,Yes,no
One Couples Adventure,UCdpyOtHDfdsGpJY3BoK7MnQ,3,No,No,Yes,No,No,no
TOM And RUTH üáµüá≠ Adventures,UCDQ2M--Pc_L6kdZCDw7kjYw,2,Yes,Yes,Yes,Yes,Yes,yes
GH'S,UCdrBnBNLsN4_cH32HWbr9qg,5,No,No,No,No,No,no
All About Filipina Relationships,UCDSd4U2FQAB4XWgHMjoRrzg,3,Yes,Yes,Yes,Yes,Yes,yes
Solomon Pisarich,UCDurjBKKC_nZ-0p_FoA1_HQ,2,No,No,No,No,No,no
thegasconprincess,UCdvmp5g7tgB49kLnPeik3XA,12,No,Yes,Yes,Yes,Yes,yes
Just Liz!,UCdXXJoFhTrAI4NzRnPdUQxw,4,Yes,No,Yes,Yes,No,yes
AG WONDER 111,UCDyDWQVNvHtbOosA39aslvw,7,No,Yes,Yes,Yes,Yes,yes
MomDuty,UCDZP2n7wrjSrFA8_KENuJ3Q,3,Yes,Yes,Yes,Yes,Yes,yes
ABS-CBN News,UCE2606prvXQc_noEqKxVJXA,6,No,No,No,No,No,no
Lil King,UCE3GGYHeyTyTWEYdltEeKTA,2,No,No,No,No,No,no
PH dos REACT,UCe3sLhzbYEz40QeS_Iscn0g,10,Yes,Yes,Yes,No,No,yes
The Joint Base Podcast,UCe5wLGScEw2VUiDP-zdBzpw,3,No,Yes,Yes,Yes,Yes,yes
Timeout with Dami,UCe7op4W-6YKJOpsG9TOi2CA,3,Yes,Yes,Yes,Yes,Yes,yes
El Gato de las Weeekly üêà,UCE8moOr7XnyV9WVaa7RGf0w,2,No,No,No,No,No,no
Amiteefrost vlog,UCeAzO56L8g5T-vuJ0g819-g,2,No,Yes,Yes,No,Yes,no
chaengtatts,UCEbGn4-f2x7UF796859QFmg,2,No,No,No,No,No,no
Luis Portelles,UCeBL09KpOrsEPZhsbI7WT1Q,6,Yes,No,Yes,Yes,No,yes
OPM Acoustic,UCeccof3xATHRJVYTGx36wdw,20,No,Yes,No,No,No,no
Mommy Joy's Life,UCEDiHRbZ8GaEz36dWrneZdw,3,Yes,Yes,Yes,Yes,No,yes
Inwook,UCeEZxtbcWUs4G6IzGGPNhwA,4,No,No,No,No,Yes,no
YouTube Movies,UCeFH5kVa3__l4mnGPV47kPA,4,No,No,No,No,No,no
A Brit in the Philippines,UCegwghWDySliAEORgjaZqYA,2,Yes,Yes,Yes,Yes,Yes,yes
Sinema Filipino,UCeH7OWYyfgdpHDzYzQTA4Lw,2,No,No,No,No,No,no
Ella Patrice Fajardo,UCEhQEvar9m9divTBuwuTzXQ,2,Yes,Yes,Yes,Yes,Yes,yes
Amboy Sa Pinas,UCEjpHDkceZ2lYjnI54t9fmg,8,Yes,No,Yes,Yes,Yes,yes
The Joi,UCEkqKR-EDytWGuyjDEpYwAQ,2,No,No,No,No,No,no
Netflix Philippines,UCEnaoRpbxiSbAhBkuvODGpw,3,No,No,No,No,No,no
Global Marissa,UCENHwjTptE-I6PTAmymYrLw,2,Yes,Yes,Yes,No,Yes,yes
Alphidia_Savala,UCenm2bbsCF5N8oRG4sjWmfA,4,No,No,No,Yes,No,no
JESSEOGN,UCeOFPMK-i-eo-JdeNWHeCYQ,2,No,No,No,No,No,no
Jared Hartmann,UCEOV7DU1UfzH05r3KBq0OaQ,9,Yes,Yes,Yes,Yes,Yes,yes
G.O.T Games,UCEpGO4cx6j0PBc5LzkmtYdw,2,No,No,Yes,No,No,no
Finding Paradise,UCEScbJ_iUulVoAeHEAkpRLw,2,Yes,Yes,Yes,Yes,Yes,yes
DJY,UCESmqqsRWsicB9yqXZ_w04w,4,No,Yes,Yes,No,No,no
Yoshi the Japanese Guy,UCeT1qAcQxLP6cEfbMe85QCQ,30,Yes,Yes,Yes,Yes,Yes,yes
3 stars and a sun,UCewharJXyf740yMFg9qNcbw,5,Yes,Yes,No,Yes,Yes,yes
üçÑMushboomüçÑ,UCewzKsrjO0xH7GNQuMDD78Q,3,No,No,Yes,No,No,no
Journey of Josh,UCeYkoGE0YuPrpTC0NLCwcNg,4,No,No,Yes,Yes,No,no
Urbanist: Exploring Cities,UCf_u5jxmnZhv3DaNswhPoVA,2,No,No,Yes,No,No,no
Kevin meets Chanel,UCf0MMnw0Qj-dxahBbmwLkHQ,2,Yes,Yes,Yes,Yes,Yes,yes
Miss Oh,UCF1Pt--DcPEV4d8WXElQJ3A,13,No,No,No,No,No,no
Taglish Kulee,UCF3l_ACuhzW5QRn--37Tu7A,2,Yes,Yes,Yes,Yes,Yes,yes
Aoishi Shinumura | A'tinomy Gratis,UCF3NGV_0g8nNpvqM4-glqKQ,5,No,No,No,No,No,no
KPO TV,UCFcKArH0uUhFgkTcZiDW3Ig,5,Yes,Yes,Yes,Yes,Yes,yes
The Savvy Expat,UCFEylvc6CkOWSvZuP_vJv4w,4,No,No,Yes,No,Yes,no
Awesome Lexi Vlogs,UCfIN99k3tNWHhpOvqetFWzg,2,No,No,Yes,No,No,no
L3WG Reacts,UCfIOSIFur-qFToVKahB0A6w,2,No,No,Yes,No,No,no
ONE FILIPINO TV,UCFjh6CdEwrQrKf4o9QUnoEA,14,Yes,Yes,No,Yes,No,yes
Everyday with Kris,UCfKpZv8Ra6KRjGXLvKEMKFQ,6,No,No,Yes,No,No,no
Milaine‚Äôs Vlogs,UCfl8HJUPdCkX66bv9BDKT5g,2,Yes,No,Yes,No,No,no
Grace Kim,UCflE-QMT5V5l74ivZ50jzIg,2,No,No,Yes,No,No,no
THR3 FEAZ,UCfLh0xWsRhkr6_ZYFRpCYXQ,4,Yes,No,No,No,No,no
Ricki‚Äôs Kitchen,UCFodx4VDKNZIoRhuFbfAIfA,3,No,No,Yes,Yes,No,no
Island Life,UCfot-hD35IfUqXC9JXcVatg,4,Yes,No,Yes,Yes,No,yes
PinoyFreeCoder,UCFpZDxOMGzsx05epqfvmzbQ,2,No,No,No,No,No,no
THE KITO FAMILY,UCFr0o7rHZ0oToelztCUkJZQ,17,Yes,No,Yes,Yes,No,yes
BOBBY'S ANGELS,UCfROmtFIX0dVDpJq1W98Cxg,2,Yes,Yes,Yes,Yes,Yes,yes
BlindOwl Outdoors - Simple Living Philippines,UCFuFHFgHPya17g6lbKrlCXg,20,No,No,No,No,No,no
George Japan,UCFvhxOZvy7lao9N5IEFu4aw,2,No,No,Yes,No,No,no
Super Dave the Foodie Trucker,UCFwrnrSeSvaTdiLU1u2LE1A,3,Yes,No,Yes,No,No,no
SPORTS REACT PH,UCg-kYL79Z-R6Mz1fF68NV4w,17,Yes,No,No,No,No,no
Manifest With Jay,UCg1O4q_4jXoNN3U_w-TtVVg,4,No,No,No,No,No,no
Orig Explores,UCG41L6NlmIq1muzgoC_s9Kw,2,No,No,Yes,No,No,no
Marj Suarez,UCg44CBsWwZkKKLA8mA4tgUg,4,Yes,No,Yes,No,No,no
Jaw Travel,UCg4SAGqIufHHnOlSLRctwRg,2,No,No,Yes,Yes,No,no
Dabble The Reaction,UCG57u0jfLpuPuCAHRUtTxdg,9,No,Yes,Yes,Yes,No,yes
·¥ç·¥Ä…™ ü·¥Ä s·¥ä  ô·¥ú…¥·¥Ö·¥Ä-!‚úø,UCg6IU74qGBrYsLB3q8SDv-A,2,No,No,Yes,No,No,no
Blue / Japanese,UCGB0qhlQVYUISmj0oViXQ_w,2,No,No,No,No,No,no
„ÄåThe_Sleepyhead„Äç,UCgd7Ff5cYNd8odKmrC6h1GA,6,No,No,Yes,Yes,No,no
mamah!,UCGDcIpHhVp-UqN1hTNd-AQA,3,No,No,No,No,No,no
News5Everywhere,UCGEbMwiX774cseKvJqF9R2g,4,No,No,No,No,No,no
Alma Tassadduq TV,UCgGNPIUkWOe0eBNRL_lArLQ,2,No,No,No,No,No,no
ChinoAlphaWolf,UCghcBo-65tVRXyCdRp3LK6g,2,Yes,No,Yes,No,No,no
ariinbeijing,UCGHdJQXNge_Dv7i9mGBC1zg,2,No,No,No,No,No,no
Richard Cabile,UCgLmz4c_5lauhJChLDFybgg,3,No,No,No,No,No,no
Just Moy,UCgNp8XV3QbtinxSRaGmlH6g,3,Yes,No,No,Yes,No,no
European Reacts,UCgPh12KkTIsZuM8lXxjwkPA,2,No,No,No,No,No,no
Martin Avila,UCgpu8lYCxpiTxB8HIu3fwOQ,2,No,No,No,No,No,no
binibining yena,UCgRGutE5Qv6rAAvoAtYFE6g,3,No,No,No,No,No,no
uniunicorn,UCGSPErEtUzPI4XIbU3fifiQ,5,No,No,No,No,No,no
Fabian J,UCgV_i-XHrdvcOOeb613cXcw,3,Yes,No,Yes,Yes,No,yes
ItsNomadTrinidad,UCgvTNqLFbMS8Wp73r00fGLA,6,Yes,Yes,No,Yes,Yes,yes
Wistl Family Adventures,UCGW5DXYdKZ4ULEdeAZn2AlQ,2,Yes,Yes,Yes,Yes,Yes,yes
Pinoy Showbiz News,UCgw8bGPRRb6BX9GTYlZLoFw,2,No,No,No,No,No,no
bisayaaa,UCGXGZRHULlTZUZI7gs7VAng,2,No,No,No,No,No,no
J O Y A H,UCGXQs_w4U4IOZYwEuh9DUlA,2,No,No,No,No,No,no
WeAreOcampo,UCgXQWI3jkQBn4PT1zvFK1QQ,3,Yes,Yes,Yes,Yes,No,yes
Filipino British Couple,UCGXsS5BC_0EB7Qjx_jsEyWQ,2,Yes,Yes,Yes,Yes,Yes,yes
Arty Travels,UCGY-wd-aiR8rHX1XaJXII3A,2,No,Yes,Yes,Yes,Yes,yes
Tim K,UCGyTJBom8TTHa9pc_VlZXfA,2,Yes,Yes,Yes,Yes,Yes,yes
JULIO REACT,UCgYx2v1zc-BKQBg0Q7V4xGw,4,No,No,No,No,No,no
The TyKo Fam,UCH084jZBDgYLedTTl8OXMKw,2,Yes,No,Yes,Yes,No,yes
Micos Brown,UCh0C6JD2DwkY9Jbhe2LCCKg,4,No,No,No,No,No,no
U K I Y O . A R   T,UCHbnFR_XUlcMijyvwestkFg,2,No,No,No,No,No,no
Japan_hime,UCHckqa3qWEvEj5lh5wOhT2w,2,No,No,No,No,No,no
Delightful Travellers,UCHeFV2atoLtgdKH4iu29orA,2,No,Yes,Yes,Yes,No,yes
Mike's Philippine Retirement,UChJZEuE4O45M6CbcYOS3U1w,3,Yes,No,Yes,Yes,Yes,yes
On Tour With Dridgers #OTWD,UCHk-j6L93O3JrxhA87H0oWQ,3,No,Yes,Yes,Yes,No,yes
Chuckie's Kitchen,UChOfNDlXR6XueB8IxMxeqBw,6,Yes,No,Yes,Yes,No,yes
RYU VIDS,UChPdkJ37U3tlAnnM0MZhfXA,3,No,No,Yes,Yes,No,no
PopUp Data,UCHrps7QPrVjDRIB67f9locw,3,No,No,Yes,No,No,no
Brandon and Wila,UChSsQPO1BNzgvup-VcmUeow,2,Yes,Yes,Yes,Yes,Yes,yes
Athena Pan,UChtRES48ZRHW1nTRIOL8omA,4,No,No,Yes,Yes,No,no
Singh and Sarah,UCHx3EruMoIye5O12oR57Bqg,13,Yes,No,Yes,No,No,no
Philippine Airlines,UCHXa8eT8o_wxQrzXTMaxYQQ,2,No,No,No,No,No,no
Sweetnotes Music Official,UChYac7BwqtY2d2MznVFVHvg,2,No,No,No,No,No,no
Volkan Daƒücƒ±,UCHYQ-65DYweO6dYooSfYqpw,10,No,No,Yes,Yes,No,no
Ken Abroad,UCHza0GAxOvBOeLKkMeL8EcQ,11,No,Yes,Yes,Yes,No,yes
Tastes Seoul GoodÌÖåÏù¥Ïä§Ìä∏ÏÑúÏö∏Íµø,UCI_4xw1y0CV-1gVYK2PgW-A,3,No,Yes,Yes,Yes,No,yes
TeddyGreyOnStuff,UCI0Q26FJ67e9e_K-FRgBqRA,3,No,No,Yes,No,No,no
Smile Squad Comedy,UCi1ynaf3mWz-mgim7LvqjzQ,2,No,Yes,Yes,Yes,No,yes
japuanim,UCi2YIVOBghkAthEe8XsFbAg,3,No,No,No,No,No,no
Adam & Yaz,UCi6FGUxJ0qELkA5Cpj8YpUQ,2,No,Yes,Yes,Yes,No,yes
¬∞Its_Justine¬∞,UCI7m2KhDZXnV1RZrkEw3o-w,2,No,No,No,No,No,no
Fumiya / FumiShun Base,UCi7Ofw4sJynsacr_i6uk_lA,6,No,No,Yes,Yes,No,no
Ok What's Next,UCi9s1i9ws9CHukbga05vuDg,3,No,No,No,No,No,no
lucas live br,UCia6oQqdV5kXk7aXf3gJsYw,2,Yes,Yes,Yes,Yes,Yes,yes
Eoin and Aisling,UCIf4OAWnvOnJwoGrOuFu3xg,2,Yes,Yes,Yes,Yes,No,yes
kelly,UCIgeYqubI5M8LoLCcZqwlpw,4,No,Yes,Yes,Yes,No,yes
Switzerland and the Philippines,UCIgf5ncld_GFXbu9MWc6MCQ,3,Yes,Yes,Yes,Yes,Yes,yes
We Vybz Tv,UCIk6DASPsMiUXnU6Y1Lz8Ww,8,Yes,Yes,Yes,Yes,Yes,yes
The Eaton Squad,UCilLiZH-IAFgKQ1A4mm9FZg,3,Yes,Yes,No,No,Yes,no
Pinoy Proud and Pride,UCilyWAYEBfQTJ9DhuVsh_NA,3,Yes,Yes,Yes,Yes,Yes,yes
Daniel Marsh,UCiNCvGzwadWCZIzTUjoApRQ,7,Yes,Yes,Yes,Yes,Yes,yes
ViiBee React,UCiQilK6BrXtpEis6iuM92VQ,3,No,No,No,No,No,no
Totoo TV PH,UCIqsYnifTohuRqM1ij8CZRA,2,Yes,No,No,No,No,no
Military Combat Network,UCiSfjwYIGaLIHI7fHbyCpiw,5,No,Yes,Yes,Yes,No,yes
King KeNNy Slay,UCiuqfsMPDQaSaGgw1o96XrQ,10,Yes,Yes,Yes,Yes,No,yes
Trending Ni Andres,UCiXAAaqS9py7TzHzQ9A5Ftg,5,Yes,Yes,Yes,Yes,Yes,yes
ASIA ARTIST AWARDS,UCIYOI59PWwwOtsXmTnLOp_w,6,No,No,No,No,No,no
üåÜ ‚Ä¢ „Äå ùëÖùë¢ùëèùë¶√òùëìùëìùëñùë•ùëñùëéùëô._.ùê∂‚Ñéùëéùëõùë• „Äç „ÉÉ,UCIYu3AyIEVSE5Ur6iuCseJA,3,No,No,Yes,Yes,No,no
Van & Joe,UCJ_7NsTniv09HWWq2Ht_PZQ,2,Yes,Yes,Yes,Yes,Yes,yes
Vaso and Mich Filipina Montenegrian couple,UCj-kwp1A_zHuKzGwvyGem4g,3,Yes,No,Yes,Yes,No,yes
Married2Travel,UCj2-ftAf2b4FSGoVvcF9VKQ,3,No,Yes,No,No,No,no
GMA Public  Affairs,UCj5RwDivLksanrNvkW0FB4w,2,No,No,No,No,No,no
Where Next Family,UCj6wN8aXupC_RVWBD-Mof7g,3,No,Yes,Yes,Yes,No,yes
Nozumi,UCjAT3VDWLoG-9NFQhCe_gow,4,Yes,Yes,Yes,No,No,yes
Gacha Life Empress,UCJbk_0tA1lLVI04nuUfgsPg,2,No,No,No,No,No,no
Pinoy Knows TV,UCJC6UiSrnyNXLAWv38rYXjg,3,Yes,No,Yes,Yes,No,yes
Jus' 2 React,UCjFqjcg0RR6ILLrZ32k4D9g,8,No,No,Yes,No,No,no
OPM CLASSIC BEST SONGS,UCjGfnNcN2mNmrVvWwOdPAMQ,2,No,No,No,No,No,no
The Dutch Pinay Couple,UCjJHZ6CSsWJ71HkJKnLrqxg,2,No,No,Yes,No,No,no
IRL Media PH,UCJM37yOZ0nOBiS0HzBx3nmA,2,Yes,No,Yes,No,No,no
‚òæ‡º∫ √¨tz_G√•l√§x√¨√°n_J.‡º∫‚òΩ,UCJNxB0VUSqqFFL4caRibmYA,2,No,No,No,No,No,no
Jordan Melby Vlogs,UCJqFke5HEUbD1IXf0wzEqbg,2,No,No,Yes,Yes,No,no
Lisa Nguyen,UCJQVsC3XcvuRMRr-jD_kTPw,2,No,No,No,No,No,no
Minami Kim,UCjRLSbICh4B8kc1HYmQzK0A,3,No,No,Yes,No,No,no
Jasper in the Philippines üáµüá≠,UCJsUPQs-NSevvUxKmtvdQxw,9,Yes,Yes,Yes,Yes,Yes,yes
Travis ML,UCjtObLhkkocMU20PqmVtavg,5,No,No,Yes,No,No,no
Kuya Devan,UCjuOgcseA2FOKP288WPwERw,2,Yes,No,Yes,Yes,Yes,yes
Regular Guy,UCjW5n1CTxVxmYtX1l2TrMjw,4,Yes,No,Yes,Yes,Yes,yes
The Chui Show,UCJX9p4c81NoZ4_TFME-yY6g,4,No,Yes,No,No,No,no
Cav and Nicole,UCJXfUnmNgN9KLJMAkPa7jHw,2,Yes,Yes,Yes,Yes,Yes,yes
Jamey Iris TALK TV,UCjxrWUwmfgjv81R-ruHfB2w,2,No,Yes,No,No,No,no
Foreigngerms,UCk5qFPLPW8_ZdeYmgJqowlg,2,No,No,Yes,No,No,no
Michael Sorensen,UCkCiyXd84sb42FdckKV0ylA,2,No,No,No,No,No,no
Ryan Hale Shorts,UCKeHU0eCkf17RdeCHB45JMw,4,No,Yes,Yes,No,No,no
Max Reaction,UCkGnjL3liLUAHfhAAljws3w,3,Yes,No,Yes,Yes,No,yes
bossROD TV,UCkhKs9DE4vLE0xQd5C062Ow,2,No,No,No,No,No,no
American Entrepreneur in the Philippines,UCKie0svsFyBBsKaQIA4hx-w,3,Yes,Yes,Yes,No,Yes,yes
GMA  Network,UCKL5hAuzgFQsyrsQKgU0Qng,2,No,Yes,No,No,No,no
Susie in the Philippines,UCKLlmM881k4QZN-iUAFIQfw,30,Yes,Yes,Yes,Yes,Yes,yes
Waffle Films,UCklOBv5MxG67iWZ3ydaTOrQ,2,No,No,No,No,No,no
Jasmine Angeline,UCklTUzY9QlyZDbfuPM0eA2w,2,No,Yes,Yes,No,No,no
"KC Mahal on KCMahalTV, GSTV with Philippines Life",UCKLVNE8_lDKAKC3Ttn0mnyg,3,No,No,Yes,Yes,Yes,no
Calvin Castiel,UCKMU-I4eYw-D9QF1YdUMUlw,29,Yes,Yes,Yes,Yes,Yes,yes
Dinma Jane,UCKnhf4-AS6XeVJCsVGTtzMw,2,No,Yes,Yes,No,No,no
Family Feud Philippines,UCKNLamB6VLwjjyHWQpQC2Gw,2,No,No,No,No,No,no
DW News,UCknLrEdhRCp1aegoMqRaCZg,2,No,No,No,No,No,no
Buhay ni Tal - Living Filipino,UCkocmrlkySgOdt9RYamw6dQ,2,Yes,Yes,Yes,Yes,Yes,yes
Sukli,UCkPpAqpOa_MXLP2qOTSrPOg,16,Yes,No,Yes,Yes,Yes,yes
Eddie in USA,UCKqF_GzR6_g6m5v5JxgaX7g,2,No,No,Yes,No,No,no
CHACHII-CHAN,UCkQFtRC61tYJkBZg2PYAmog,3,Yes,Yes,Yes,Yes,Yes,yes
NETS IN 6,UCkRnzQf_3nJMgyZQoVdZxpA,2,No,No,No,No,No,no
A'tinPh_Mau,UCKslMpcBF1-hhXtOZZ8iOLA,3,No,No,No,No,No,no
Amicy,UCKuprywRDf5gyhSg9Usqgdg,2,No,No,No,No,No,no
Life of Maymay Mukbangers,UCkv-SXvWHauNrkZzyQIDSZg,42,No,No,Yes,No,No,no
PinoyPolish Family,UCkVGwkKwVXBpg4hE7TL9dbg,3,No,Yes,Yes,No,No,no
Jessel in the Philippines üáµüá≠,UCkVNOAMRAda2x1OW9qXAhbg,7,No,Yes,Yes,No,No,no
Ella Vloggs,UCKW52TzD7cx__2BlKYYZ75A,10,No,No,No,No,No,no
itlog ng Pinoy üáµüá≠,UCkYDGQkPkOxOGSuQUdGJLVQ,2,Yes,No,Yes,No,No,no
Dale Philip,UCKygRpISlqs5TufcT3JtRng,3,No,Yes,No,No,No,no
FTGxtrbleYT,UCL-fNRw9po7JpZqbC5XSUvQ,2,No,No,No,No,No,no
Philippinesüáµüá≠,UCL21e5WivLGktgPjcWivlkg,15,No,No,No,No,No,no
Videolux Philippines,UCl3z7kQ9GlwAyAlwYgcOOmw,2,Yes,Yes,No,Yes,Yes,yes
Jackie in Philippines,UCL9u5oNnY_pRyzt-UaP5JuQ,4,Yes,Yes,Yes,Yes,Yes,yes
Kano Harry,UClC88Hwf0c115jFj-fhVj2A,16,Yes,Yes,No,Yes,Yes,yes
A Foreigner Farming in the Philippines,UClCaGenCW0l5kPVUrR3wWmQ,12,No,No,Yes,Yes,No,no
MORRO DO CANTAGALO,UCLeZzPujf7wF5rvtV1NdjMw,2,No,No,No,No,No,no
Coach Jarret,UCLgh8L9KCNwk-cNqWgO_j4Q,2,No,No,No,No,No,no
KHili,UClh-4zb0esm1YLZdGa-msfw,15,No,No,No,No,No,no
S_BLAZE REACTS,UCLhAHoQP9JHzdhQEppbNA-A,2,No,No,Yes,No,No,no
curious AK,UCLhk-M_MXhxwvjwgU1--w-Q,3,Yes,Yes,Yes,Yes,Yes,yes
Filipina City Girl,UCLIOOZJfmGXGIY0GQWCHsAw,3,No,Yes,No,Yes,No,no
Gio in the Philippines,UClMlXTxpTNMZRE4AEjlc5RA,3,Yes,Yes,Yes,Yes,Yes,yes
Dillon McClure,UClnOJmWf3o_f6x-Q16rjorA,4,Yes,Yes,Yes,Yes,Yes,yes
Xiaomanyc Â∞èÈ©¨Âú®Á∫ΩÁ∫¶,UCLNoXf8gq6vhwsrYp-l0J-Q,4,No,Yes,Yes,Yes,No,yes
Mery P,UCLNPsVp9IaYf5a5XRQOE_qg,18,No,Yes,No,Yes,Yes,no
Jessica Lee,UCLPLXSPgySkBypwpi6BrMwg,16,Yes,No,Yes,Yes,No,yes
Milky Coffee,UCLQ1V9BthBBZA_mE3QV18eA,2,Yes,Yes,Yes,Yes,Yes,yes
YouTube Movies,UCLQbjaq1sI0nfLWbqi4C1Kw,4,No,No,No,No,No,no
Isabella TW,UCLRQ45EG4GW6YAoaVnNpNRA,2,Yes,Yes,Yes,Yes,Yes,yes
FALATUZETR√ä,UClTDRDn_pe6paLX05viZLyw,2,No,No,No,No,No,no
Gacha_golden 137,UCLuyf8W6MKrVSd254Pp0N5w,6,No,No,No,Yes,No,no
T.A.G. Edits,UClw3V6PoW6a0ShTSnVSH6QQ,2,No,No,No,Yes,No,no
Mac n Teens,UCLwXLrLjw0bvnk1eGQBNJmg,4,Yes,Yes,Yes,Yes,No,yes
Kuya Jake,UCLZn9AO3oMeox3b3FEusjuw,6,No,Yes,Yes,Yes,No,yes
TRAILER CITY,UCM1LVD5a5509fzL-4khritA,3,No,No,No,No,No,no
HeyoLeah,UCM31OXY_a1lrR2dSTOpeVkA,5,Yes,Yes,Yes,Yes,Yes,yes
Tim Troetschel,UCm3CG7lhRB0VkiefjhCCwZw,3,Yes,Yes,Yes,Yes,Yes,yes
Blessing Asemota React,UCM5PsLystlm5bVMk3kCA2DQ,4,Yes,Yes,Yes,Yes,No,yes
Backstreet Gents,UCMDT70VfH_UhKO6i7fZXe8Q,2,No,No,No,Yes,No,no
Always on a Journey,UCMGEUVgOJ3jqLfvogNjOH3w,2,Yes,Yes,Yes,Yes,No,yes
Jonas Tayaban,UCmgvp9rnjYoOQWnd1QQFCCQ,5,No,No,No,Yes,No,no
Roc√≠o RC Col√≥n,UCMHRM06tR8Sa-Hj3yT_k8fQ,9,Yes,No,Yes,Yes,No,yes
WAVE LEE,UCMhSxrcs7vsoNp_pDe0TDGA,6,No,No,No,Yes,No,no
Red Zone Mindanao,UCmlfCI87gCasxVQR1_Y_DqQ,2,Yes,Yes,Yes,Yes,Yes,yes
anerio,UCmMgc8uhRjCgr4DoAk5LOvw,2,No,No,No,No,No,no
Mariia Di,UCmMHuOVQroFnzMPtBBwtoCw,6,Yes,Yes,Yes,Yes,Yes,yes
MLBB eSports,UCMncR-XXNXhMyJELEgCrHlg,2,No,No,No,No,No,no
Jonathan Liandi,UCmtAg_U0wvmWdxTlceISdEw,7,No,No,No,No,No,no
FlavoursSix,UCmtXIhtRSszrRIMbrjB7Xsw,2,No,No,Yes,No,No,no
Travel Chronicles,UCmUaeYKjQ7n0aMa1KjDHlQg,6,Yes,Yes,Yes,Yes,Yes,yes
Millennial Legends,UCMuPgPrCACbIm9Fscs4TDvA,3,Yes,Yes,Yes,Yes,Yes,yes
Ryan Was,UCmuqCD1-z48_-9KtDTHbQ5g,2,No,No,No,No,No,no
Randie tv,UCmVRUhVe7TZlO2OwJ1J2Zuw,2,No,No,No,No,No,no
The Hungry Syrian Family,UCmw9oO138A4WRUbOZyUGhHA,6,Yes,Yes,Yes,Yes,Yes,yes
Gli and Erik,UCMWTQE8CQv5outBblPqa8tg,2,Yes,Yes,Yes,Yes,Yes,yes
Hobo Ventures,UCmXq0ZRIyR3eX9OhTrNHisA,2,Yes,Yes,Yes,Yes,No,yes
boss rino,UCMyFYaVqUDcnsv2jUnRaNCQ,2,No,No,No,No,No,no
Dean Hashim,UCmZEdaBmnUEoWAzLo4nFASA,7,Yes,Yes,Yes,Yes,Yes,yes
Alexis' PINOY ENGLISH LESSONS ONLINE,UCmZKS6lYmSrUME5aUvKIDKg,2,No,No,No,Yes,No,no
I'm PopRice,UCN1fmQcURDJwYI0_zcHb1NA,2,No,Yes,Yes,No,No,no
Gerard Activa,UCN2X09K8o0zhk44EVhkmeXw,6,No,No,No,Yes,No,no
Reaksyon ni GB,UCn6Bd94ALSqV_vaxA7M6blA,5,Yes,No,Yes,Yes,No,yes
That Japanese Man Yuta,UCn7LyBvG5LEBXK9I4W5dGdA,2,No,No,No,No,No,no
MAProductions,UCnf9YC7xupkbIZyVS3Q4zeQ,3,No,No,Yes,No,Yes,no
Scavenger_120,UCngahNO3_iGbR5NTyzSrmjA,5,No,No,No,No,No,no
Belgian Make it Better,UCNHAs6ggBt0uTcys9Lx7veQ,4,No,Yes,Yes,Yes,Yes,yes
Jay's Philippines,UCnhJnjWpUnBXw5U0bGStP8Q,2,Yes,Yes,Yes,Yes,Yes,yes
Tales of Odyssey,UCnIG77gLrKwxZ-j0YhmstcA,2,Yes,Yes,Yes,Yes,No,yes
KorPhil Lover,UCNjBwZD3GAU3ksFTBj4dFbg,2,Yes,No,Yes,Yes,No,yes
Timothy James,UCnKqPUUQOykTnuAR1n_ytuw,3,No,No,No,No,No,no
Mars & Tobi,UCnOeTSQY_YmjxeY12y0xOPQ,5,Yes,Yes,Yes,Yes,Yes,yes
Filipina Life with Mia,UCnpnhxcQT-97-otlG4XUqCQ,2,No,Yes,Yes,Yes,No,yes
Filipino Ukrainian Couple,UCNQGvfJQi9_O4OkkJtPfTXg,4,No,No,Yes,Yes,Yes,no
Amerikanang Hilaw,UCnS4ERF-4LJEcbqcUjoMMyw,6,No,No,Yes,Yes,No,no
AfterHours,UCnsV7K2rQYrADPVONhYnx3g,2,No,No,No,No,No,no
GR6 EXPLODE,UCNUQK9mQoqi4yNXw2_Rj6SA,3,No,No,No,No,No,no
Rahul2Fan,UCnvNQsU5bd2T0Pl7dfpUHhg,11,No,No,Yes,No,No,no
Divert Living,UCO-BUJCM03NS-rwr1VonV4A,2,Yes,Yes,Yes,Yes,No,yes
culturecebu,UCo-GWE9p5hK0iaMainUJ6wg,2,No,No,Yes,Yes,No,no
MLBB INDONESIA,UCO-UDRlVzoRrHrzq-2sV_pA,2,No,No,No,No,No,no
Craig in Asia,UCo57S0HBediNd47Ew5ezkzw,3,Yes,Yes,Yes,Yes,Yes,yes
keis one,UCO5IhWS7_CIU1HoAkffBzcg,2,Yes,Yes,Yes,Yes,No,yes
The Demouchets REACT,UCo5IPeTfhzXzzNB64ALUSUw,23,No,Yes,Yes,Yes,No,yes
The Commodity,UCO5Jeark1e_JP36mY3ua19g,68,Yes,Yes,Yes,Yes,No,yes
Sebin Kim ÏÑ∏ÎπàÌÇ¥,UCOBhPv7iSNPNeyyBTkY1VtA,2,No,No,Yes,Yes,Yes,no
Adam and Jane's Lifestyle,UCobYD8WgP3GPOqgvXF2Yy1w,50,Yes,Yes,Yes,Yes,Yes,yes
Marshmallow milky,UCoDLVDw8bajmWQ2eLEJzNqg,2,No,No,No,No,No,no
Fina's UK Family & Lifestyle,UCOeJBQGvDaEXQZSwTr_V2ow,2,Yes,Yes,Yes,Yes,No,yes
The Sovereign,UCoiOd5ziEyXy2WLdKVTNiIA,4,No,Yes,No,Yes,No,no
Have You Ever Wondered,UCOL1S-pRMl51fJ2V6ocljAA,3,Yes,Yes,Yes,Yes,Yes,yes
Philippine Family Life With Leah,UCoNbjiMmQ3c8CdiHu-TaYKw,4,Yes,Yes,Yes,Yes,Yes,yes
8 Miles from Home,UCOnj7dA6j1iTFtudrackMag,8,Yes,Yes,Yes,Yes,Yes,yes
Livin La Vida Tagalog,UCONm3i2-__08mS14cU0rHPg,4,Yes,Yes,Yes,Yes,Yes,yes
DreamWithDiana,UCOO0qiM_zrmwItmq--j3ICA,35,Yes,Yes,Yes,Yes,Yes,yes
Crazy Filipina Love,UCooOp70lTrrOi4bqG531JOA,2,No,Yes,Yes,Yes,Yes,yes
Desi Chris,UCoqGJPtvsPpALlhtqB1lcHA,13,Yes,Yes,Yes,Yes,No,yes
Go with Flo,UCoqLzIVd0ojld7e9zxbFSgg,3,Yes,Yes,Yes,Yes,Yes,yes
Avelovinit,UCoQWcwy-nYVG6Er9VxyxJJA,4,No,Yes,Yes,Yes,No,yes
Tom Yum Lechon,UCOr9UPB0Xw86Cic2lkW2ufQ,3,No,Yes,No,No,No,no
MAICON NEVES,UCORVD9mPq8IBwDvu0B6_ViQ,4,No,No,No,No,No,no
Ije999 Reacts,UCOtztOjWQPgzGaCdtArfWuw,3,No,Yes,Yes,Yes,Yes,yes
Kumander Daot,UCOvLWcHoB4aujwiWKme_pFg,5,Yes,Yes,Yes,Yes,Yes,yes
Living abroad,UCoWQLZoPwn3mJ-oiPrwDpbA,16,Yes,Yes,Yes,Yes,Yes,yes
Yaj,UCOXvT4rtztBIdT1P-QRsLCQ,2,No,No,No,No,No,no
‡º∫[Vale üåπ Rose]‡ºª,UCoYTHRlGRuYwjW5cxzZ74WA,6,Yes,No,No,Yes,No,no
Rubeauti,UCoYVSCQ0BlM6s33p41gYjRA,2,No,Yes,Yes,Yes,Yes,yes
LEBIB FAMILY,UCOzLRbrX5UVsHRoMl2pNICQ,3,Yes,Yes,Yes,Yes,Yes,yes
Canadian In Philippines,UCP_y6xg3u3hF3pskXosMQyQ,14,Yes,Yes,Yes,Yes,Yes,yes
A Foreigner and Filipina in Philippines,UCp-i_hdhMOQ8IbsGtuszEQg,2,No,No,Yes,Yes,No,no
Mr BulBul,UCp17yfUHfvmjHpHa0xKOmig,2,Yes,No,Yes,Yes,Yes,yes
Hope Filipino Worship,UCp1gtDwiE8iZH9sCJ1aaPYw,2,No,No,No,No,No,no
Fun And Talk,UCP1TtgcChvhLL5aqxe45CPQ,3,Yes,Yes,Yes,Yes,Yes,yes
The Wimmas,UCp4-ksiKbZ3vTmv3gQ6tF8w,3,Yes,No,Yes,Yes,Yes,yes
DARLA,UCP50end1PCEhV4sWEygmQaQ,4,No,No,No,No,No,no
Waleska Herrera,UCPAz3hWHiBC-c1x4K0-atsg,258,Yes,Yes,Yes,Yes,Yes,yes
Cute Fangs,UCPBarav9EolhCC30xmJ1Epg,5,No,No,No,No,No,no
Drew Durnil,UCPcABVoFfCK5gDfX0PY1KGg,4,No,No,No,No,No,no
Sol & Luna TV,UCpcVjkwSeZG6GJvLsIxK5Yw,35,Yes,Yes,Yes,Yes,Yes,yes
First We Feast,UCPD_bxCRGpmmeQcbe2kpPaA,3,No,No,No,Yes,No,no
Blatant Reviews,UCPG-kUxVpjZWFAJeCwS4cQw,4,No,No,Yes,Yes,Yes,no
Twins SF,UCPGDvVGtdbkJgnWmSXLXI1A,6,Yes,Yes,Yes,Yes,Yes,yes
Netflix K-Content,UCpiCK8c6PBktcxq7Az_t4RQ,2,No,No,No,No,No,no
Pablo B Sanchez,UCpjLzP1jlV3s8tvIKKJZ1-w,3,No,No,Yes,Yes,No,no
Insanian Reacts,UCpl2ci4xK_08c5PCGOEt7yw,5,No,No,Yes,Yes,Yes,no
Mark Nowhereman,UCpP_KIeLQjugHtyWNp87BsQ,2,Yes,Yes,Yes,Yes,Yes,yes
Hello Philippines,UCPPBot1bmfYLSDK0lk9Tlcw,14,Yes,Yes,Yes,Yes,Yes,yes
A Better Life PH,UCps-DY2gS0h4fowXa92HQKw,4,Yes,No,Yes,Yes,Yes,yes
Zane Travel,UCpsivHVNaBnIAPhkLBZcWQg,5,Yes,Yes,Yes,Yes,Yes,yes
TAKASHii from Japan,UCPSx50w7WavmAXmYowlhNWQ,6,No,No,No,No,No,no
RAikah,UCpT17zbToGANwa8hcwYeG_w,2,Yes,No,Yes,Yes,Yes,yes
The Stepanov Family,UCpTCjuNOcqSyjvmu1sEES4w,2,Yes,No,Yes,Yes,No,yes
Bite size Japanese,UCpxbboLySEHKTN1e9X_vpxA,2,No,No,No,No,No,no
MobaZane,UCPxo5TPFF0YihBvqVWRfSYA,5,No,No,No,No,No,no
itsKEVO,UCPyi-4WfF63TJ95zKShawcw,9,Yes,Yes,Yes,Yes,No,yes
Rec‚Ä¢Create,UCpZdK-V4x1b2TFzFBKwGztw,10,No,No,No,No,No,no
Dustin Backpacks,UCQ3i4wFECsKSLp8_9y-BkgA,7,Yes,No,Yes,Yes,Yes,yes
FeVar T.V.,UCq64t8ZBRTIJ1eALNDH-RjQ,2,No,No,Yes,Yes,Yes,no
RYU JAPAN,UCqCI4i-mZ4Cu6Kr8emMaf1A,15,Yes,No,Yes,Yes,Yes,yes
Jesse Davie,UCQd4vaUemvTOAxvoQqlY7Ew,20,No,No,Yes,Yes,No,no
BecomingFilipino,UCqdBWKP4_8bU-Rsk2LvVz6Q,21,Yes,Yes,Yes,Yes,Yes,yes
Javierml,UCqEswF1uGhSqQyZfZ768pGw,5,No,No,Yes,No,No,no
Meagan Gill,UCqf-tisdSRYXbPb9LKhU_6w,2,No,No,Yes,Yes,No,no
SmileyMe,UCQGgupdFQ6fNN8EWBL1TOXg,2,No,No,No,Yes,No,no
Our Half Asian Adventure,UCqie0bD3ltJm2qGDbiKjm-Q,2,Yes,Yes,Yes,Yes,Yes,yes
Tater Travels Shorts,UCqIG2Z7i5lxsiaNJenOW-NA,6,No,No,Yes,Yes,Yes,no
Young Park,UCQJk3uiE5_497p-zjNER77Q,4,No,No,No,Yes,Yes,no
Sylvia Kim,UCQKWCDl0BKMIAj-mrjLIySg,26,Yes,Yes,Yes,Yes,Yes,yes
The Playroom Studio,UCqMy-fbfky74L_EgKlYXTDw,4,Yes,Yes,Yes,Yes,Yes,yes
World Nomac Uncut,UCqNZ2sjaVxkaZ7GlAyaKlXQ,2,Yes,Yes,Yes,Yes,Yes,yes
UZUNO,UCqp39Bl6dlXyCy9J2FgDraA,2,Yes,No,Yes,Yes,Yes,yes
Gosu General TV,UCqp8SDQ4WI77KEI7g4IZBfg,4,No,No,Yes,Yes,No,no
Just For Laughs,UCqq3PZwp8Ob8_jN0esCunIw,2,No,No,No,No,No,no
Soloista Ph,UCqqreHN9wUNdnVwybYP4W0w,2,No,No,No,No,No,no
That Philippines Life,UCQQyW9Ki62OmGzHedws7xlQ,40,Yes,No,Yes,Yes,Yes,yes
OriginalHuman,UCQS5OIk3d_MokLtPPuy_HOQ,2,No,No,Yes,No,No,no
MarkTianz TV,UCQT2cM6eF9Q4ViaAzxWSxKw,4,No,No,Yes,No,No,no
Mickael Shimizu,UCqtjvd-UP_lcPX8D2ToDZOA,2,No,No,No,Yes,No,no
Tagalog Hub,UCqvkWHEVZbFBM68OXxDNhkQ,2,No,No,No,No,No,no
Fil-American Made,UCQvZnhzOeb5FSGU--TZqt0Q,4,Yes,Yes,Yes,Yes,No,yes
Life Where I'm From,UCqwxJts-6yF33rupyF_DCsA,2,No,No,Yes,Yes,No,no
Let's Meet Abroad,UCQXBq7djFA_xTSVgNGLJ0LQ,5,Yes,No,Yes,Yes,Yes,yes
Theresa Oyao,UCQyJ7yw-Y8-95m8e143KwiQ,2,No,Yes,Yes,No,No,no
LeRoc Living My Life Philippines,UCQYkvXhPNaRxlu-jAI5_5Zg,31,Yes,No,Yes,Yes,No,yes
We Wander,UCqz1WM1LPEP_nkMMYeEyBVQ,5,Yes,No,Yes,Yes,No,yes
DKR BATam & CATmimi REACT,UCQzMz-_0cAJ4E-4QsEcFGnA,3,No,No,No,No,No,no
PhillyinthePhilippines,UCQzpQN0PTfIx1ARe7lL1jXQ,3,Yes,Yes,Yes,Yes,Yes,yes
Learn with Daryll,UCR-yUQRWEciSqQowtTDHskA,2,No,No,No,Yes,No,no
DKT,UCR1GryMfzpPxacdLcs12jvg,3,No,No,Yes,No,No,no
Nostalgic Songs,UCr56X8iN8CvP6qml1QaOMAg,2,No,No,No,No,No,no
Tagalog Time with Pat,UCR5h2liUa03_r2pS2MdH5bg,3,No,No,No,No,No,no
PH 021,UCR7KdaQkXUUHhyaw764RVzw,12,No,No,No,No,No,no
Quang Tran,UCraOIV5tXbWQtq7ORVOG4gg,2,No,Yes,Yes,Yes,No,yes
Spencer & Kristy,UCravC7dPHG83M4LP4SYpXvg,2,No,Yes,Yes,Yes,No,yes
ùêçùêéùêòùêÇùêáùêà ùêÖùêÄùêåùêàùêãùêò ùêàùêç ùêÇùêáùêàùêçùêÄ,UCRBl2r79LSWOpMh-ZeHWNTg,2,Yes,Yes,Yes,Yes,No,yes
Dave Roams,UCRbxApsHPfN2huG4Z6D0MeA,18,Yes,Yes,Yes,Yes,Yes,yes
KJ AVELINO VLOGS,UCRcnAgWCwVdeGaDxXOStLDA,6,No,No,No,No,No,no
Steven Sushi 2,UCRdFo4dY8bxHitHktNAWDxQ,2,Yes,No,Yes,Yes,No,yes
Nurse Ruth Nook,UCRe3yRMUuJkNeWLtO9kBGqg,6,Yes,Yes,Yes,Yes,No,yes
The Crowns Vlog,UCRE7r7IHtuDeiYcPXdUXaVw,2,Yes,Yes,Yes,Yes,Yes,yes
MOVIEHOLIC,UCRHcpjAIeJpAVhnSaa_I2hQ,2,No,No,No,No,No,no
Chad Foster Explores,UCRJsTt5C_CCKtst-pqMzYVA,9,Yes,Yes,Yes,Yes,Yes,yes
Lyn & Anthony life in the Philippines,UCrkk5DrjoeF6AJkP0YEpZIQ,9,No,No,Yes,Yes,No,no
Elisa and Rei üíó,UCrKlA-J0_yBO9YYaxUT7-mQ,2,Yes,Yes,Yes,Yes,No,yes
‚Ä¢ ùöÇùô∑ùöà ‚Ä¢,UCrlcSdUWNYvuFOk6S-3YXPA,2,No,No,Yes,Yes,No,no
The Filipina Pea,UCrm4tEQqTrUP3MwB2G1mjHw,9,No,No,No,Yes,No,no
Part Time Travelling Family - Eleise and Lawrence,UCRMPRZ498l0Bu5xvcvaesuA,4,Yes,No,Yes,Yes,Yes,yes
Isla Pamilya,UCRN5aoMVbZgaFrzqwUqMyWw,2,No,Yes,Yes,Yes,No,yes
Japanese Shu channel,UCrOmnHUEWYsGia51g9QNG7g,5,Yes,No,Yes,Yes,Yes,yes
The Hungry Syrian Wanderer,UCrPo31V8wpuuCMseyzEDZMQ,9,Yes,Yes,Yes,Yes,No,yes
KIM n LEE,UCRrUJKpFAGgA9WVjSWhgk2Q,8,Yes,Yes,Yes,Yes,Yes,yes
Team Amor,UCrvUGNVWWyrQmx6SeVxJ9nQ,3,Yes,Yes,Yes,Yes,No,yes
What's up Philippines,UCryJ4vhASeu7uhXRPOL3WhA,139,Yes,Yes,Yes,Yes,Yes,yes
Ride with Gabi,UCrYYlurQKzxeyabcqwSEYcQ,2,Yes,Yes,Yes,Yes,No,yes
TriFate Lifestyle,UCRzBNJTsBe2rq6pkyXeaj1A,20,Yes,Yes,Yes,Yes,Yes,yes
Hello Kiri,UCrZxPinzghT-Ry6NmOf81mw,2,No,No,No,Yes,Yes,no
MICK AND JEAN'S LIFE IN THE PHILIPPINES,UCS4pn9XQULeUacclO0d7SmQ,2,No,No,Yes,Yes,Yes,no
YanaFromUkraine,UCS4r32U01R4vta9fc3Ca0kg,2,No,No,No,Yes,Yes,no
Asian Drama Station,UCS5MbG00dzUDTEp6LXaIGYA,2,No,No,No,Yes,No,no
Puting Pinoy of ExAmmon Studios,UCs5vW-XTkApnkLbaiz0yNIg,6,Yes,Yes,Yes,Yes,No,yes
Peach,UCSBrtrvZravZ-TGs_4LlO1g,2,No,No,Yes,No,No,no
Yuta Uchida / UTG,UCScSbGnIJOv_i-3Sm8Yb5Fw,4,Yes,No,No,Yes,Yes,no
Pinoy Floyd üáµüá≠,UCsfUbIyotnXsKv9paUan0lQ,2,Yes,Yes,Yes,Yes,Yes,yes
Wil Dasovich,UCSir19L_390tAg4IbCggvCg,9,No,Yes,No,Yes,No,no
bored Ruky,UCSK2PJg8nhHnrQJ7kzvUj0Q,2,No,No,Yes,Yes,No,no
Bret Maverick,UCSqcvKFWQhhQOiK4jxyEElQ,2,Yes,Yes,Yes,Yes,No,yes
The Trips,UCSrMrcpvabewFQCSBRUAiWw,4,No,No,Yes,Yes,No,no
ABS-CBN Entertainment,UCstEtN0pgOmCf02EdXsGChw,6,No,No,No,No,No,no
Bigg World Cinema,UCSvaH7DbguYJcp8PHTTv1Zw,17,Yes,Yes,Yes,Yes,Yes,yes
Ira Joyce Sanchez,UCSvo854IR0oj9vZZ55o4LHA,2,No,No,No,No,No,no
Faruk Acar,UCT1Ay1RAXtUlEII5toY3gBg,2,Yes,Yes,Yes,Yes,Yes,yes
A Foreigner in the Philippines,UCt9BTGSxATM6axwfTY4KnEg,77,Yes,Yes,Yes,Yes,Yes,yes
Travel With Success,UCt9CPuWfS9HgRZmSYpGPFaw,13,Yes,Yes,Yes,Yes,No,yes
American Foreigner,UCtA6aAfZDMu9KPFNFvYz18A,2,Yes,Yes,Yes,Yes,No,yes
MARENG CUBANOY VLOG,UCtA9jjiIKnJBGVIOMTtVqqA,2,No,No,Yes,Yes,No,no
Captain Steve,UCtAkYahXNSJ8RVOil0O_Rnw,2,Yes,No,Yes,Yes,No,yes
ProjectHanna,UCtBIWmRRlItV4I8e_AMLWeA,2,Yes,Yes,Yes,Yes,No,yes
Myk's Philippine Journey,UCTfHKQ9fbUEiStUAQEax7dw,5,No,No,No,Yes,No,no
R7 Tatsumaki,UCTg0Ue7PAI8ep3_ITQMqQcA,4,No,No,No,Yes,No,no
Hiubang Show,UCth6TQtLO5sOY-vjaeAfYBQ,5,No,Yes,No,Yes,No,no
EL's Planet,UCTL128JylZO50B0MqbUuhSw,21,Yes,Yes,Yes,Yes,Yes,yes
Spizee,UCtM58H2QaTXTi7OIRAVgAGg,2,No,No,No,Yes,No,no
Cian Abion,UCTMd5fOTWCvvUzZJmU4u8sg,2,No,No,Yes,Yes,No,no
JJ's Journey,UCtNK-R1uX4hKBYU-GM54gHQ,3,Yes,Yes,Yes,Yes,Yes,yes
Chris Urbano,UCtOXruSampZT4DrPsnuz7AA,3,Yes,Yes,Yes,Yes,No,yes
Short King Vlogs,UCTrAdQJ_Uyg5mbottTCZVPQ,2,Yes,Yes,Yes,Yes,Yes,yes
Russian Boy,UCTrp1gkrbzase5fzlAFGtPg,2,No,Yes,Yes,Yes,Yes,yes
NoFear_LifeStyle,UCTtxTOpvEj0E3YAFGfiCOsQ,7,No,Yes,Yes,Yes,No,yes
Featuring Big Brotha,UCU_S44_TIjz61VjYLbuWutQ,2,No,No,Yes,Yes,No,no
Jeanelleats,UCU03NklypYW1AAIoNE2Vh1g,4,No,No,Yes,Yes,No,no
TK Top Travel,UCu2VsQol474IboUn1DHIoqA,2,Yes,Yes,Yes,Yes,Yes,yes
ùíåùíäùíïùíïùíö&ùíîùíâùíÇùíìùíåùíö,UCu36inZKKSOsY9qdjMATygg,2,No,No,No,No,No,no
MJ at Virginia,UCU5Ax0Inw5uYq5P3tVVIwFg,2,No,No,Yes,Yes,No,no
Lost Knox,UCu69sXEA647BkACmLf1Zh7A,2,Yes,Yes,Yes,Yes,Yes,yes
AceBachelorCool,UCU78xbApo9_MCzS7B_tfY8w,4,Yes,Yes,Yes,Yes,Yes,yes
„ÄåYUKISHA_SEYOO„Äç,UCU8FP4y4bul5fZPnXSqHrKw,2,No,No,No,Yes,No,no
Pirate Cove Philippines,UCUb_Ryp4MZHWnsTOVTA3txA,2,Yes,Yes,Yes,Yes,Yes,yes
Combat Arms Channel,UCUB6A2YY9soreMGNwDLh-zw,5,Yes,No,Yes,Yes,No,yes
RELL üï∫üèΩ,UCuBgQMllxvxKLuABHZlV5KA,9,Yes,Yes,Yes,Yes,Yes,yes
POPKORN,UCuEd8gRMuOJKYAqCRfQoBKw,2,Yes,No,No,Yes,Yes,no
Hypebits TV,UCuEZGP5cGZkPqVqU6LBF4aQ,6,No,No,No,No,No,no
Chika Blockbuster,UCUF2pX2Tein3t__JDUXlt6Q,6,No,No,No,No,No,no
Robyn Kimberly,UCUI4T7riAxLPSV4htxMFLqw,3,Yes,No,Yes,Yes,Yes,yes
biggy travels,UCUk8aRBVog6G9ipBSN_Ow1g,4,Yes,Yes,No,Yes,No,yes
Tazzz N Philly,UCuMF9paEZU8RWv9YXd6-rlA,2,No,No,Yes,No,No,no
INTERVIEWS AROUND THE WORLD,UCuQn8TDdvfdx6vtkvf3ZfeA,4,Yes,Yes,Yes,No,No,yes
papah!,UCuqo67tPvKT_wua8tYUo38g,4,No,No,Yes,Yes,No,no
Ali Yui ClubÔΩúFilipino Japanese couple,UCUQPGGBkluwPMxRyY8n1DWQ,12,Yes,Yes,Yes,Yes,Yes,yes
Making it happen Vlog,UCuS5fmeEDpnW5JPMdRhGm7A,74,Yes,Yes,Yes,Yes,Yes,yes
Jeevan,UCuVEvEzDJORUxstVLfql4oA,2,No,Yes,Yes,Yes,No,yes
Juwonee,UCuWBv9w0mYhXv-I_1fSaYSA,5,Yes,Yes,Yes,Yes,No,yes
Justin Burke,UCUyDpu18SLNxJxMjJKFbNOA,24,No,No,Yes,Yes,Yes,no
‚óì ·¥Ä ü·¥¢…™·¥Ö·¥Ä…¥_…™…¥·¥Ö·¥è…¥·¥ás…™·¥Ä,UCuZablyHnz3iR1ychaI_c3w,4,No,No,Yes,Yes,No,no
The Black Filipino TV,UCV34zLTn4A60jS8RTI96_sw,5,Yes,Yes,Yes,Yes,Yes,yes
·•´·≠° K√£w√¶√¨√≠‚Äì√±√´k≈ì9 ·•´·≠°,UCV70R5lkhLuUgwrhWUfbsNw,4,No,No,No,No,No,no
Just be free,UCV9l2OvfTRuRaCpewolcAww,2,Yes,No,Yes,Yes,No,yes
YouTube Movies,UCvA3GAB2wtYbCOTn4aFYX_w,4,No,No,No,No,No,no
Justin Roque,UCVa6ozIskHiTXeTBV4Z9SUw,2,Yes,Yes,Yes,Yes,Yes,yes
Island Media Asia,UCVBn2I55zk8ToyfbK-4l0EQ,2,Yes,No,Yes,Yes,Yes,yes
Magic Studioz,UCVDibkjAbhel4ilMYL3-hxQ,3,No,No,No,Yes,No,no
Nephi Acaling,UCVdRiM-cMZEUBEYxV-cRKXg,2,No,No,Yes,Yes,No,no
Maman Sudirman,UCVeI0cfcnZoIskW-cEyufMg,2,Yes,Yes,Yes,Yes,Yes,yes
Roaming Hogan,UCVfF2cBhyatGQc_BcjSZ-_Q,2,Yes,Yes,Yes,Yes,No,yes
Kenny style,UCvFvKJVX-IZqht8rgNc3gNg,3,No,No,No,Yes,No,no
chatherine alex,UCVGkH1_CIfauwuHRDhdPqQA,2,No,No,Yes,Yes,No,no
BORBON TV,UCVhn39jQTNi4eryLqVmaB7Q,2,No,No,No,No,No,no
ANC 24/7,UCvi6hEzLM-Z_unKPSuuzKvg,2,No,No,No,No,No,no
The Ahern Family,UCvIgYVKzRbxEBoxsSXoR8rw,3,No,Yes,No,Yes,No,no
Ting The Ordinary Filipina,UCvijIEndhzegAx4Ikivq3dQ,2,No,Yes,Yes,No,No,no
The Ash Family - Filipino-American Family,UCvmlV6FcxD9maTM_oPX-5Mg,3,No,No,Yes,No,No,no
Purple Twins,UCvOxZARbKQLR4WB59oyq45g,50,Yes,Yes,Yes,Yes,Yes,yes
Rice Squad,UCvpAuunAEsJSaJRnq7iX4jA,6,Yes,Yes,Yes,Yes,No,yes
Just Jonny & Chloe,UCVR42zazbJZLL4r2Lo8PqRg,2,Yes,Yes,Yes,Yes,No,yes
INQUIRER.net,UCvRAX-ujvZ0eTMLGG2vki9w,2,No,No,No,No,No,no
Max & Sujy Îß•Ïä§ÏôÄ ÏàòÏßÄ,UCvsb2dwX9pL-_QX8blpQ_Ag,7,Yes,Yes,Yes,Yes,Yes,yes
Small Town PH,UCvsg9Mg-C1cZ3VmuP-9et2w,3,Yes,No,Yes,No,No,no
Dabble and Travel,UCVv-y0k91qAA-uI_K46UBvg,25,Yes,Yes,Yes,Yes,Yes,yes
Autumn Van Ry,UCvvuvmBzcnRpfQDboWcpJWw,4,No,No,No,No,No,no
Mirco Tere & Bella,UCVWSmD7gyvZv7fpcgF-oiCQ,9,Yes,Yes,Yes,Yes,Yes,yes
Juli√£o Cardoso,UCvwW997hUgPd--q1MVQgptw,3,No,No,No,No,No,no
Passport Dude,UCVZOpEN0cQ_kh14wErI2sDw,2,Yes,No,Yes,No,Yes,no
Mariah and Bill,UCW0ulUd4BZY4k_vHqLFWTuw,2,Yes,No,Yes,Yes,Yes,yes
Lucas and Marcus,UCwD4x63A9KC7Si2RuSfg-SA,2,Yes,No,Yes,Yes,No,yes
USA to Philippines Life,UCWfAvyQaYPPfm3S0cTcbyag,2,Yes,Yes,Yes,Yes,Yes,yes
Backpacking Gals,UCWFMGU8jwnfnkHOtWgCUmKA,3,Yes,Yes,Yes,Yes,No,yes
Charles & Alyssa Forever,UCWGcbY5JBzcUenFwl4A1eNw,2,Yes,No,Yes,Yes,Yes,yes
Philippine  life with Janet,UCWgScb7sVo7b0lOEoptHQHQ,2,No,No,Yes,No,No,no
The Garcia Family,UCWjSwkIn2gGgETcZZYaO-6g,37,Yes,No,Yes,Yes,Yes,yes
BEYONDLOCALGODDESSES,UCwjWUUCiv_TPoErI9AZv6Lg,6,Yes,No,Yes,Yes,Yes,yes
Steven Banamu,UCWk9ho4wXA43KZvxE58WSXg,4,Yes,Yes,Yes,Yes,Yes,yes
Marco Roams,UCWkguf2p-KFU5uE7iXJuj5g,3,Yes,Yes,Yes,Yes,Yes,yes
Global Talent World,UCWKuPZzOlGUDUT4GpIwJnhQ,2,No,No,No,Yes,No,no
James Bok,UCwM5tNdLcFiDwMplUUI3efg,3,No,No,Yes,Yes,No,no
Gracejon Filipina lifestyle,UCWmjG_iL6dNUWTUtquYMLQA,4,Yes,Yes,Yes,Yes,Yes,yes
Pocket Films,UCWnTC8o8AycL6a2eRrKSdBg,2,No,No,No,No,No,no
OPM Channel,UCwsqTMolm3mSpcQHQh2CJNA,2,No,No,No,No,No,no
Rohit reaction,UCwuEqFlIeT4UusonWCXMZ_Q,4,No,No,No,No,No,no
Glasses Kingdom,UCwvenK2H-fNo4uUE7SRJL9g,2,Yes,Yes,No,Yes,No,yes
Albert and Cynthia,UCWVIvqrVFchoKn7SNWNQCLw,4,No,No,Yes,Yes,No,no
Every Man Has a Story,UCwVVQkHRtW14nqj5dh-QPgg,2,Yes,Yes,Yes,No,No,yes
Valkyrae,UCWxlUwW9BgGISaakjGM37aw,2,No,No,Yes,Yes,No,no
The Philippines Truth,UCx_PF02mkBQ_rT8_fUfh5xw,3,Yes,Yes,Yes,Yes,Yes,yes
Top 10 of Everything,UCX65YVbGZq5iQdZghk2-_EA,2,No,No,Yes,Yes,Yes,no
Cowsep Mobile Legends,UCx9c2yaN404tcZx6ILLGWiw,3,Yes,Yes,Yes,Yes,No,yes
Vikachka & Eugene,UCX9TowVN7dt9OcrNq9idSSg,3,Yes,Yes,Yes,Yes,No,yes
Amir Malik,UCXA_2sDtNRf0vpNp_RZ3kqg,2,Yes,Yes,Yes,Yes,Yes,yes
Kenn Cordero,UCxAVp60rgKv6yNI-L0oxeWQ,3,No,No,Yes,Yes,No,no
Danny Rayes,UCxB7jMnHekMzHsOl9iZpXrA,3,No,No,No,No,No,no
Justin & Alina,UCxBWeubuZrc8sQE_bXytgUQ,13,Yes,Yes,Yes,Yes,Yes,yes
Phoenix Studio,UCXCcmKaB_pwWbop5LJM_kpA,2,No,No,No,Yes,No,no
Mabuhay Life Adventures,UCxGP9pIiALg9qxZ3Q5hgPIw,2,Yes,Yes,Yes,Yes,Yes,yes
Rita and Pedro,UCxGWrltVGIR3kAK2VsEvc_Q,2,Yes,Yes,Yes,Yes,Yes,yes
Jennifer Terri,UCxHH6fo_k6IGJDChtlTdNpw,10,No,No,Yes,Yes,No,no
MontWRLD,UCXisjO3r0KC_Vh-PWwPTbBA,8,Yes,Yes,Yes,Yes,Yes,yes
T HUBS 22,UCxKN5z9rc4DlZ-7gI7mHKFg,2,Yes,Yes,Yes,Yes,Yes,yes
Philnews Ph,UCXLaplnfekQMfAyxECZfolg,4,No,No,No,No,No,no
Chris Wang,UCXMhhPrd6R3riawJuEzVSkw,4,No,No,Yes,Yes,Yes,no
Strictly Dumpling,UCXOKEdfOFxsHO_-Su3K8SHg,2,No,No,Yes,Yes,No,no
Indian Reaction { ARSLAN },UCxTOjY6It9TWJwWbclmp5mg,3,No,No,Yes,Yes,No,no
KingSchratz,UCXuyB2hyb2rw9-Arn8fBAgw,3,No,No,Yes,Yes,No,no
Kristypata,UCXV-Jt3UPJPstvLVx6A1Z7Q,4,Yes,Yes,Yes,Yes,No,yes
"See Forever - Secret to Living, Longer & Healthier",UCXV2neUSdYDZ7aE9JAY3OOQ,5,No,No,No,No,No,no
Pinoy Gamers React,UCXX5ZeFTpjyNPdTdT8sqDlQ,2,No,No,No,No,No,no
Lost and Jetlagged,UCxXBZJLc5qGH8xXqbviQ2hQ,3,Yes,Yes,Yes,Yes,Yes,yes
NotJeffandSonia,UCXXlfcu-12obaE62wSEgazw,2,Yes,Yes,Yes,Yes,Yes,yes
Dream Team Neal,UCY_pzKuHEMsWcfzSDwvSU5A,3,No,No,No,No,No,no
YouTube React - ytreact,UCY34lthm09Al2f6BULI3dkQ,2,No,No,Yes,Yes,No,no
Nellyslife,UCy9L3Ym1fZqmdaToxy9HsbQ,3,Yes,Yes,Yes,Yes,No,yes
The Hutchinsons,UCYC6B6DMhDUTQQrwgD0CwOw,5,Yes,Yes,Yes,Yes,Yes,yes
LaterTofuEats,UCye4j_cBvIj3GdIlkDZKOGw,3,Yes,Yes,Yes,Yes,Yes,yes
Mark Wiens,UCyEd6QBSgat5kkC6svyjudA,5,No,No,Yes,Yes,No,no
The World According To Jason,UCYEjj738dusPO4hh2hLfLBQ,2,No,No,Yes,Yes,No,no
Akina,UCYKRagH3Wh5SqY39EL8wRWw,2,No,No,No,Yes,No,no
Lazer dos cria,UCYLTF_WZRI117J8TGOOfrdA,3,No,No,No,No,No,no
Ivana Alawi,UCypeLkg3Ne5-LIyiB41b1GQ,3,No,No,No,No,No,no
JUICY REACTS,UCYr4VTQfBpXrccQw_H2S8RA,32,Yes,Yes,Yes,Yes,Yes,yes
Fernando and Vanessa,UCytsMf3mG13YZK9pDjw8yqg,41,No,No,No,Yes,No,no
lucky doyun channel,UCYVEmKA1m5Y6TiErpVv1RnQ,5,Yes,Yes,Yes,Yes,No,yes
Revive Music,UCYXIviXPAaaaU_AOotpXTAw,2,No,No,No,No,No,no
Adventures in America,UCyXSgGAZ1eBSri9-0lLnLLg,4,No,No,No,Yes,No,no
The Juicy Vlog,UCYY2mNcq7pv6IRW92JIT6DA,26,Yes,Yes,Yes,Yes,Yes,yes
MSA previously My Story Animated,UCYzEMRKqrh01-tauv7MYyVQ,5,No,No,No,No,No,no
uncultured,UCZ-5uY71p3Xt9YelLWBqRiQ,30,No,No,Yes,Yes,No,no
Abeeha Fatima,UCZ3S5KaxMobISOxG9NNvFpA,4,No,No,No,No,No,no
Mikey Bustos,UCZ7Cxp6r5JMhpSrIETCXzdQ,6,No,No,No,Yes,No,no
Firstpost,UCz8QaiQxApLq8sLNcszYyJw,3,No,No,No,Yes,No,no
Travelling Yearbook,UCZemRLjTG7_Iz1O5mYOTv5w,2,Yes,Yes,Yes,Yes,Yes,yes
FinnSnow,UCzfEqx1_-zs2xUUzI3jVRSg,19,Yes,Yes,Yes,Yes,Yes,yes
MiniminterClips,UCzfVmyl18x2TTaWp0d5rBNQ,2,No,No,Yes,Yes,Yes,no
D&J REACT,UCZfYUKBwN396zj6I3DA2k0A,8,Yes,No,Yes,Yes,Yes,yes
Q M A,UCzGHLrxKX84ASFw4VtC0dWQ,2,No,No,No,No,No,no
Solem Vlogs,UCzIA1qk2ICPT20VydqqAo8g,4,No,No,No,Yes,No,no
Shev and Dev,UCzjxQJtI4GqGaBwFagqv1AQ,4,Yes,Yes,Yes,Yes,No,yes
Filipina Petite,UCzLY1mM_li78EGhtDztNt8Q,4,No,Yes,Yes,Yes,No,yes
One React PH,UCZWDbOnu7B96T4_ERsKcbDA,2,No,No,No,No,No,no
Simple Street Interview,UCzx36kqBqXsl6kSEkpQbwCw,5,Yes,Yes,Yes,Yes,Yes,yes
Nephi Axe,UCzXlnLhH9pVf9EC4jU_VgrQ,2,No,No,Yes,Yes,No,no
Overflow TV #InspireAndShare,UCZxWAedRNaokJl7OlYgv5jA,2,No,No,No,No,No,no